set,T,preimage_accuracy,N_empirical,N_median,N_upper_bound,N_lower_bound
array,0.0,0.03,32768.0,21247.0,251870.77602762007,319.803485138062
array,0.25,0.03852076250063224,19484.0,13205.5,147375.9643044753,193.97061881918805
array,0.5,0.04946163812100384,10624.0,7512.0,86118.00137829939,117.64912739726988
array,0.75,0.06351000049838024,6317.0,4467.0,50249.82898779403,nan
array,1.0,0.08154845485377135,4467.0,2656.0,29275.081630977173,nan
array,1.25,0.10471028872385524,2656.0,1579.0,17026.590142565343,nan
array,1.5,0.13445067211014194,1579.0,939.0,9884.597233001321,nan
array,1.75,0.1726380802801719,861.0,609.0,5726.890094749798,nan
array,2.0,0.2216716829679195,609.0,332.0,3310.7287482593706,nan
array,2.25,0.2846320750907558,332.0,215.0,1909.3118559158495,nan
array,2.5,0.36547481882110416,197.0,128.0,1098.1633173517,nan
array,2.75,0.4692789565256451,117.0,76.0,629.7428641147488,nan
array,3.0,0.60256610769563,70.0,39.0,376.18621421820535,nan
array,3.25,0.7737101975157918,45.0,26.0,376.18621421820535,nan
array,3.5,0.9934635587607693,45.0,24.0,376.18621421820535,nan
array,3.75,1.2756324600018834,45.0,24.0,376.18621421820535,nan
array,4.0,1.637944500994327,45.0,24.0,376.18621421820535,nan
array,4.25,2.1031623704006357,45.0,24.0,376.18621421820535,nan
array,4.5,2.700513939015654,45.0,24.0,376.18621421820535,nan
array,4.75,3.46752853581563,45.0,24.0,376.18621421820535,nan
array,5.0,4.452394773077298,45.0,24.0,376.18621421820535,nan
array,5.25,5.716988053758899,12.0,6.0,376.18621421820535,nan
array,5.5,7.340757967926611,8.0,4.0,376.18621421820535,nan
array,5.75,9.425719808570825,8.0,4.0,376.18621421820535,nan
array,6.0,12.102863804782054,2.0,1.0,376.18621421820535,nan
array,6.25,15.540384740050259,1.0,1.0,1.0,nan
array,6.5,19.954248991330854,1.0,1.0,1.0,nan
array,6.75,25.621762875784544,1.0,1.0,1.0,nan
square,0.0,0.03,25268.0,17867.0,251870.77602762007,319.803485138062
square,0.25,0.03852076250063224,13777.0,9742.0,147375.9643044753,193.97061881918805
square,0.5,0.04946163812100384,8933.0,5793.0,86118.00137829939,117.64912739726988
square,0.75,0.06351000049838024,4871.0,3444.0,50249.82898779403,nan
square,1.0,0.08154845485377135,3158.0,2048.0,29275.081630977173,nan
square,1.25,0.10471028872385524,2048.0,1218.0,17026.590142565343,nan
square,1.5,0.13445067211014194,1117.0,724.0,9884.597233001321,nan
square,1.75,0.1726380802801719,724.0,395.0,5726.890094749798,nan
square,2.0,0.2216716829679195,362.0,235.0,3310.7287482593706,nan
square,2.25,0.2846320750907558,235.0,140.0,1909.3118559158495,nan
square,2.5,0.36547481882110416,140.0,70.0,1098.1633173517,nan
square,2.75,0.4692789565256451,76.0,43.0,629.7428641147488,nan
square,3.0,0.60256610769563,50.0,24.0,359.92500213936313,nan
square,3.25,0.7737101975157918,29.0,14.0,204.94164505708048,nan
square,3.5,0.9934635587607693,15.0,8.0,116.19777370746773,nan
square,3.75,1.2756324600018834,8.0,4.0,65.56120683150449,nan
square,4.0,1.637944500994327,5.0,2.0,36.78299200526872,nan
square,4.25,2.1031623704006357,2.0,1.0,30.608095364353336,nan
square,4.5,2.700513939015654,1.0,1.0,1.0,nan
square,4.75,3.46752853581563,1.0,1.0,1.0,nan
square,5.0,4.452394773077298,1.0,1.0,1.0,nan
square,5.25,5.716988053758899,1.0,1.0,1.0,nan
square,5.5,7.340757967926611,1.0,1.0,1.0,nan
square,5.75,9.425719808570825,1.0,1.0,1.0,nan
square,6.0,12.102863804782054,1.0,1.0,1.0,nan
square,6.25,15.540384740050259,1.0,1.0,1.0,nan
square,6.5,19.954248991330854,1.0,1.0,1.0,nan
square,6.75,25.621762875784544,1.0,1.0,1.0,nan
