experiment,method,n,state_dim,N,time,seed,error,rho_q,rho_v,controller,controller_name,metric_name,metric_implementation
robotarm_time_sweep,uniform,2,4,1000,0.01,797541,0.0518891081836,0.1,0.1,"adaptive_inverse_dynamics_tracking(kp=0.01,kd=0.005,lambda=0.02,gamma=0,sigma=0.05,tau_limit=100)",adaptive_inverse_dynamics_tracking,Hausdorff Distance,point_cloud_directed_hausdorff
robotarm_time_sweep,uniform,2,4,1000,0.01,797641,0.0439228801914,0.1,0.1,"adaptive_inverse_dynamics_tracking(kp=0.01,kd=0.005,lambda=0.02,gamma=0,sigma=0.05,tau_limit=100)",adaptive_inverse_dynamics_tracking,Hausdorff Distance,point_cloud_directed_hausdorff
robotarm_time_sweep,uniform,2,4,1000,0.01,797741,0.0462554386837,0.1,0.1,"adaptive_inverse_dynamics_tracking(kp=0.01,kd=0.005,lambda=0.02,gamma=0,sigma=0.05,tau_limit=100)",adaptive_inverse_dynamics_tracking,Hausdorff Distance,point_cloud_directed_hausdorff
robotarm_time_sweep,uniform,2,4,1000,0.01,797841,0.0483832437264,0.1,0.1,"adaptive_inverse_dynamics_tracking(kp=0.01,kd=0.005,lambda=0.02,gamma=0,sigma=0.05,tau_limit=100)",adaptive_inverse_dynamics_tracking,Hausdorff Distance,point_cloud_directed_hausdorff
robotarm_time_sweep,uniform,2,4,1000,0.01,797941,0.0452952838068,0.1,0.1,"adaptive_inverse_dynamics_tracking(kp=0.01,kd=0.005,lambda=0.02,gamma=0,sigma=0.05,tau_limit=100)",adaptive_inverse_dynamics_tracking,Hausdorff Distance,point_cloud_directed_hausdorff
robotarm_time_sweep,uniform,2,4,1000,0.12,797651,0.0524799697668,0.1,0.1,"adaptive_inverse_dynamics_tracking(kp=0.01,kd=0.005,lambda=0.02,gamma=0,sigma=0.05,tau_limit=100)",adaptive_inverse_dynamics_tracking,Hausdorff Distance,point_cloud_directed_hausdorff
robotarm_time_sweep,uniform,2,4,1000,0.12,797751,0.0493075446978,0.1,0.1,"adaptive_inverse_dynamics_tracking(kp=0.01,kd=0.005,lambda=0.02,gamma=0,sigma=0.05,tau_limit=100)",adaptive_inverse_dynamics_tracking,Hausdorff Distance,point_cloud_directed_hausdorff
robotarm_time_sweep,uniform,2,4,1000,0.12,797851,0.0500156091374,0.1,0.1,"adaptive_inverse_dynamics_tracking(kp=0.01,kd=0.005,lambda=0.02,gamma=0,sigma=0.05,tau_limit=100)",adaptive_inverse_dynamics_tracking,Hausdorff Distance,point_cloud_directed_hausdorff
robotarm_time_sweep,uniform,2,4,1000,0.12,797951,0.0464942062546,0.1,0.1,"adaptive_inverse_dynamics_tracking(kp=0.01,kd=0.005,lambda=0.02,gamma=0,sigma=0.05,tau_limit=100)",adaptive_inverse_dynamics_tracking,Hausdorff Distance,point_cloud_directed_hausdorff
robotarm_time_sweep,uniform,2,4,1000,0.12,798051,0.0531357632213,0.1,0.1,"adaptive_inverse_dynamics_tracking(kp=0.01,kd=0.005,lambda=0.02,gamma=0,sigma=0.05,tau_limit=100)",adaptive_inverse_dynamics_tracking,Hausdorff Distance,point_cloud_directed_hausdorff
robotarm_time_sweep,uniform,2,4,1000,0.23,797761,0.0466156136932,0.1,0.1,"adaptive_inverse_dynamics_tracking(kp=0.01,kd=0.005,lambda=0.02,gamma=0,sigma=0.05,tau_limit=100)",adaptive_inverse_dynamics_tracking,Hausdorff Distance,point_cloud_directed_hausdorff
robotarm_time_sweep,uniform,2,4,1000,0.23,797861,0.0435641632697,0.1,0.1,"adaptive_inverse_dynamics_tracking(kp=0.01,kd=0.005,lambda=0.02,gamma=0,sigma=0.05,tau_limit=100)",adaptive_inverse_dynamics_tracking,Hausdorff Distance,point_cloud_directed_hausdorff
robotarm_time_sweep,uniform,2,4,1000,0.23,797961,0.0463923673785,0.1,0.1,"adaptive_inverse_dynamics_tracking(kp=0.01,kd=0.005,lambda=0.02,gamma=0,sigma=0.05,tau_limit=100)",adaptive_inverse_dynamics_tracking,Hausdorff Distance,point_cloud_directed_hausdorff
robotarm_time_sweep,uniform,2,4,1000,0.23,798061,0.0454865581396,0.1,0.1,"adaptive_inverse_dynamics_tracking(kp=0.01,kd=0.005,lambda=0.02,gamma=0,sigma=0.05,tau_limit=100)",adaptive_inverse_dynamics_tracking,Hausdorff Distance,point_cloud_directed_hausdorff
robotarm_time_sweep,uniform,2,4,1000,0.23,798161,0.0481656365723,0.1,0.1,"adaptive_inverse_dynamics_tracking(kp=0.01,kd=0.005,lambda=0.02,gamma=0,sigma=0.05,tau_limit=100)",adaptive_inverse_dynamics_tracking,Hausdorff Distance,point_cloud_directed_hausdorff
robotarm_time_sweep,uniform,2,4,1000,0.34,797871,0.0470323009838,0.1,0.1,"adaptive_inverse_dynamics_tracking(kp=0.01,kd=0.005,lambda=0.02,gamma=0,sigma=0.05,tau_limit=100)",adaptive_inverse_dynamics_tracking,Hausdorff Distance,point_cloud_directed_hausdorff
robotarm_time_sweep,uniform,2,4,1000,0.34,797971,0.0443211142361,0.1,0.1,"adaptive_inverse_dynamics_tracking(kp=0.01,kd=0.005,lambda=0.02,gamma=0,sigma=0.05,tau_limit=100)",adaptive_inverse_dynamics_tracking,Hausdorff Distance,point_cloud_directed_hausdorff
robotarm_time_sweep,uniform,2,4,1000,0.34,798071,0.0502807945479,0.1,0.1,"adaptive_inverse_dynamics_tracking(kp=0.01,kd=0.005,lambda=0.02,gamma=0,sigma=0.05,tau_limit=100)",adaptive_inverse_dynamics_tracking,Hausdorff Distance,point_cloud_directed_hausdorff
robotarm_time_sweep,uniform,2,4,1000,0.34,798171,0.0465141432015,0.1,0.1,"adaptive_inverse_dynamics_tracking(kp=0.01,kd=0.005,lambda=0.02,gamma=0,sigma=0.05,tau_limit=100)",adaptive_inverse_dynamics_tracking,Hausdorff Distance,point_cloud_directed_hausdorff
robotarm_time_sweep,uniform,2,4,1000,0.34,798271,0.0438643081391,0.1,0.1,"adaptive_inverse_dynamics_tracking(kp=0.01,kd=0.005,lambda=0.02,gamma=0,sigma=0.05,tau_limit=100)",adaptive_inverse_dynamics_tracking,Hausdorff Distance,point_cloud_directed_hausdorff
robotarm_time_sweep,uniform,2,4,1000,0.45,797981,0.0460090711678,0.1,0.1,"adaptive_inverse_dynamics_tracking(kp=0.01,kd=0.005,lambda=0.02,gamma=0,sigma=0.05,tau_limit=100)",adaptive_inverse_dynamics_tracking,Hausdorff Distance,point_cloud_directed_hausdorff
robotarm_time_sweep,uniform,2,4,1000,0.45,798081,0.0460577356257,0.1,0.1,"adaptive_inverse_dynamics_tracking(kp=0.01,kd=0.005,lambda=0.02,gamma=0,sigma=0.05,tau_limit=100)",adaptive_inverse_dynamics_tracking,Hausdorff Distance,point_cloud_directed_hausdorff
robotarm_time_sweep,uniform,2,4,1000,0.45,798181,0.0584822812562,0.1,0.1,"adaptive_inverse_dynamics_tracking(kp=0.01,kd=0.005,lambda=0.02,gamma=0,sigma=0.05,tau_limit=100)",adaptive_inverse_dynamics_tracking,Hausdorff Distance,point_cloud_directed_hausdorff
robotarm_time_sweep,uniform,2,4,1000,0.45,798281,0.0455215569765,0.1,0.1,"adaptive_inverse_dynamics_tracking(kp=0.01,kd=0.005,lambda=0.02,gamma=0,sigma=0.05,tau_limit=100)",adaptive_inverse_dynamics_tracking,Hausdorff Distance,point_cloud_directed_hausdorff
robotarm_time_sweep,uniform,2,4,1000,0.45,798381,0.0450810768605,0.1,0.1,"adaptive_inverse_dynamics_tracking(kp=0.01,kd=0.005,lambda=0.02,gamma=0,sigma=0.05,tau_limit=100)",adaptive_inverse_dynamics_tracking,Hausdorff Distance,point_cloud_directed_hausdorff
robotarm_time_sweep,uniform,2,4,1000,0.56,798091,0.0456437896463,0.1,0.1,"adaptive_inverse_dynamics_tracking(kp=0.01,kd=0.005,lambda=0.02,gamma=0,sigma=0.05,tau_limit=100)",adaptive_inverse_dynamics_tracking,Hausdorff Distance,point_cloud_directed_hausdorff
robotarm_time_sweep,uniform,2,4,1000,0.56,798191,0.0498609226529,0.1,0.1,"adaptive_inverse_dynamics_tracking(kp=0.01,kd=0.005,lambda=0.02,gamma=0,sigma=0.05,tau_limit=100)",adaptive_inverse_dynamics_tracking,Hausdorff Distance,point_cloud_directed_hausdorff
robotarm_time_sweep,uniform,2,4,1000,0.56,798291,0.0449784240665,0.1,0.1,"adaptive_inverse_dynamics_tracking(kp=0.01,kd=0.005,lambda=0.02,gamma=0,sigma=0.05,tau_limit=100)",adaptive_inverse_dynamics_tracking,Hausdorff Distance,point_cloud_directed_hausdorff
robotarm_time_sweep,uniform,2,4,1000,0.56,798391,0.0499037227893,0.1,0.1,"adaptive_inverse_dynamics_tracking(kp=0.01,kd=0.005,lambda=0.02,gamma=0,sigma=0.05,tau_limit=100)",adaptive_inverse_dynamics_tracking,Hausdorff Distance,point_cloud_directed_hausdorff
robotarm_time_sweep,uniform,2,4,1000,0.56,798491,0.0502229270463,0.1,0.1,"adaptive_inverse_dynamics_tracking(kp=0.01,kd=0.005,lambda=0.02,gamma=0,sigma=0.05,tau_limit=100)",adaptive_inverse_dynamics_tracking,Hausdorff Distance,point_cloud_directed_hausdorff
robotarm_time_sweep,uniform,2,4,1000,0.67,798201,0.048235757948,0.1,0.1,"adaptive_inverse_dynamics_tracking(kp=0.01,kd=0.005,lambda=0.02,gamma=0,sigma=0.05,tau_limit=100)",adaptive_inverse_dynamics_tracking,Hausdorff Distance,point_cloud_directed_hausdorff
robotarm_time_sweep,uniform,2,4,1000,0.67,798301,0.0452634729638,0.1,0.1,"adaptive_inverse_dynamics_tracking(kp=0.01,kd=0.005,lambda=0.02,gamma=0,sigma=0.05,tau_limit=100)",adaptive_inverse_dynamics_tracking,Hausdorff Distance,point_cloud_directed_hausdorff
robotarm_time_sweep,uniform,2,4,1000,0.67,798401,0.046464725234,0.1,0.1,"adaptive_inverse_dynamics_tracking(kp=0.01,kd=0.005,lambda=0.02,gamma=0,sigma=0.05,tau_limit=100)",adaptive_inverse_dynamics_tracking,Hausdorff Distance,point_cloud_directed_hausdorff
robotarm_time_sweep,uniform,2,4,1000,0.67,798501,0.0519062996639,0.1,0.1,"adaptive_inverse_dynamics_tracking(kp=0.01,kd=0.005,lambda=0.02,gamma=0,sigma=0.05,tau_limit=100)",adaptive_inverse_dynamics_tracking,Hausdorff Distance,point_cloud_directed_hausdorff
robotarm_time_sweep,uniform,2,4,1000,0.67,798601,0.0452311851765,0.1,0.1,"adaptive_inverse_dynamics_tracking(kp=0.01,kd=0.005,lambda=0.02,gamma=0,sigma=0.05,tau_limit=100)",adaptive_inverse_dynamics_tracking,Hausdorff Distance,point_cloud_directed_hausdorff
robotarm_time_sweep,uniform,2,4,1000,0.78,798311,0.0471706905747,0.1,0.1,"adaptive_inverse_dynamics_tracking(kp=0.01,kd=0.005,lambda=0.02,gamma=0,sigma=0.05,tau_limit=100)",adaptive_inverse_dynamics_tracking,Hausdorff Distance,point_cloud_directed_hausdorff
robotarm_time_sweep,uniform,2,4,1000,0.78,798411,0.0490657611478,0.1,0.1,"adaptive_inverse_dynamics_tracking(kp=0.01,kd=0.005,lambda=0.02,gamma=0,sigma=0.05,tau_limit=100)",adaptive_inverse_dynamics_tracking,Hausdorff Distance,point_cloud_directed_hausdorff
robotarm_time_sweep,uniform,2,4,1000,0.78,798511,0.0502849205443,0.1,0.1,"adaptive_inverse_dynamics_tracking(kp=0.01,kd=0.005,lambda=0.02,gamma=0,sigma=0.05,tau_limit=100)",adaptive_inverse_dynamics_tracking,Hausdorff Distance,point_cloud_directed_hausdorff
robotarm_time_sweep,uniform,2,4,1000,0.78,798611,0.0559024179079,0.1,0.1,"adaptive_inverse_dynamics_tracking(kp=0.01,kd=0.005,lambda=0.02,gamma=0,sigma=0.05,tau_limit=100)",adaptive_inverse_dynamics_tracking,Hausdorff Distance,point_cloud_directed_hausdorff
robotarm_time_sweep,uniform,2,4,1000,0.78,798711,0.0474407267425,0.1,0.1,"adaptive_inverse_dynamics_tracking(kp=0.01,kd=0.005,lambda=0.02,gamma=0,sigma=0.05,tau_limit=100)",adaptive_inverse_dynamics_tracking,Hausdorff Distance,point_cloud_directed_hausdorff
robotarm_time_sweep,uniform,2,4,1000,0.89,798421,0.0462683750466,0.1,0.1,"adaptive_inverse_dynamics_tracking(kp=0.01,kd=0.005,lambda=0.02,gamma=0,sigma=0.05,tau_limit=100)",adaptive_inverse_dynamics_tracking,Hausdorff Distance,point_cloud_directed_hausdorff
robotarm_time_sweep,uniform,2,4,1000,0.89,798521,0.0446804224681,0.1,0.1,"adaptive_inverse_dynamics_tracking(kp=0.01,kd=0.005,lambda=0.02,gamma=0,sigma=0.05,tau_limit=100)",adaptive_inverse_dynamics_tracking,Hausdorff Distance,point_cloud_directed_hausdorff
robotarm_time_sweep,uniform,2,4,1000,0.89,798621,0.0498377345078,0.1,0.1,"adaptive_inverse_dynamics_tracking(kp=0.01,kd=0.005,lambda=0.02,gamma=0,sigma=0.05,tau_limit=100)",adaptive_inverse_dynamics_tracking,Hausdorff Distance,point_cloud_directed_hausdorff
robotarm_time_sweep,uniform,2,4,1000,0.89,798721,0.0453164017724,0.1,0.1,"adaptive_inverse_dynamics_tracking(kp=0.01,kd=0.005,lambda=0.02,gamma=0,sigma=0.05,tau_limit=100)",adaptive_inverse_dynamics_tracking,Hausdorff Distance,point_cloud_directed_hausdorff
robotarm_time_sweep,uniform,2,4,1000,0.89,798821,0.0483440064802,0.1,0.1,"adaptive_inverse_dynamics_tracking(kp=0.01,kd=0.005,lambda=0.02,gamma=0,sigma=0.05,tau_limit=100)",adaptive_inverse_dynamics_tracking,Hausdorff Distance,point_cloud_directed_hausdorff
robotarm_time_sweep,uniform,2,4,1000,1,798531,0.0560986485841,0.1,0.1,"adaptive_inverse_dynamics_tracking(kp=0.01,kd=0.005,lambda=0.02,gamma=0,sigma=0.05,tau_limit=100)",adaptive_inverse_dynamics_tracking,Hausdorff Distance,point_cloud_directed_hausdorff
robotarm_time_sweep,uniform,2,4,1000,1,798631,0.0518171237206,0.1,0.1,"adaptive_inverse_dynamics_tracking(kp=0.01,kd=0.005,lambda=0.02,gamma=0,sigma=0.05,tau_limit=100)",adaptive_inverse_dynamics_tracking,Hausdorff Distance,point_cloud_directed_hausdorff
robotarm_time_sweep,uniform,2,4,1000,1,798731,0.045530868263,0.1,0.1,"adaptive_inverse_dynamics_tracking(kp=0.01,kd=0.005,lambda=0.02,gamma=0,sigma=0.05,tau_limit=100)",adaptive_inverse_dynamics_tracking,Hausdorff Distance,point_cloud_directed_hausdorff
robotarm_time_sweep,uniform,2,4,1000,1,798831,0.047448356776,0.1,0.1,"adaptive_inverse_dynamics_tracking(kp=0.01,kd=0.005,lambda=0.02,gamma=0,sigma=0.05,tau_limit=100)",adaptive_inverse_dynamics_tracking,Hausdorff Distance,point_cloud_directed_hausdorff
robotarm_time_sweep,uniform,2,4,1000,1,798931,0.0488522249078,0.1,0.1,"adaptive_inverse_dynamics_tracking(kp=0.01,kd=0.005,lambda=0.02,gamma=0,sigma=0.05,tau_limit=100)",adaptive_inverse_dynamics_tracking,Hausdorff Distance,point_cloud_directed_hausdorff
robotarm_time_sweep,uniform,3,6,1000,0.01,807541,0.0842226812162,0.1,0.1,"adaptive_inverse_dynamics_tracking(kp=0.01,kd=0.005,lambda=0.02,gamma=0,sigma=0.05,tau_limit=100)",adaptive_inverse_dynamics_tracking,Hausdorff Distance,point_cloud_directed_hausdorff
robotarm_time_sweep,uniform,3,6,1000,0.01,807641,0.0785519593273,0.1,0.1,"adaptive_inverse_dynamics_tracking(kp=0.01,kd=0.005,lambda=0.02,gamma=0,sigma=0.05,tau_limit=100)",adaptive_inverse_dynamics_tracking,Hausdorff Distance,point_cloud_directed_hausdorff
robotarm_time_sweep,uniform,3,6,1000,0.01,807741,0.083778496236,0.1,0.1,"adaptive_inverse_dynamics_tracking(kp=0.01,kd=0.005,lambda=0.02,gamma=0,sigma=0.05,tau_limit=100)",adaptive_inverse_dynamics_tracking,Hausdorff Distance,point_cloud_directed_hausdorff
robotarm_time_sweep,uniform,3,6,1000,0.01,807841,0.0836660806246,0.1,0.1,"adaptive_inverse_dynamics_tracking(kp=0.01,kd=0.005,lambda=0.02,gamma=0,sigma=0.05,tau_limit=100)",adaptive_inverse_dynamics_tracking,Hausdorff Distance,point_cloud_directed_hausdorff
robotarm_time_sweep,uniform,3,6,1000,0.01,807941,0.0841686458817,0.1,0.1,"adaptive_inverse_dynamics_tracking(kp=0.01,kd=0.005,lambda=0.02,gamma=0,sigma=0.05,tau_limit=100)",adaptive_inverse_dynamics_tracking,Hausdorff Distance,point_cloud_directed_hausdorff
robotarm_time_sweep,uniform,3,6,1000,0.12,807651,0.0848908703979,0.1,0.1,"adaptive_inverse_dynamics_tracking(kp=0.01,kd=0.005,lambda=0.02,gamma=0,sigma=0.05,tau_limit=100)",adaptive_inverse_dynamics_tracking,Hausdorff Distance,point_cloud_directed_hausdorff
robotarm_time_sweep,uniform,3,6,1000,0.12,807751,0.0842811411884,0.1,0.1,"adaptive_inverse_dynamics_tracking(kp=0.01,kd=0.005,lambda=0.02,gamma=0,sigma=0.05,tau_limit=100)",adaptive_inverse_dynamics_tracking,Hausdorff Distance,point_cloud_directed_hausdorff
robotarm_time_sweep,uniform,3,6,1000,0.12,807851,0.0822168538403,0.1,0.1,"adaptive_inverse_dynamics_tracking(kp=0.01,kd=0.005,lambda=0.02,gamma=0,sigma=0.05,tau_limit=100)",adaptive_inverse_dynamics_tracking,Hausdorff Distance,point_cloud_directed_hausdorff
robotarm_time_sweep,uniform,3,6,1000,0.12,807951,0.0976155754894,0.1,0.1,"adaptive_inverse_dynamics_tracking(kp=0.01,kd=0.005,lambda=0.02,gamma=0,sigma=0.05,tau_limit=100)",adaptive_inverse_dynamics_tracking,Hausdorff Distance,point_cloud_directed_hausdorff
robotarm_time_sweep,uniform,3,6,1000,0.12,808051,0.0970380656605,0.1,0.1,"adaptive_inverse_dynamics_tracking(kp=0.01,kd=0.005,lambda=0.02,gamma=0,sigma=0.05,tau_limit=100)",adaptive_inverse_dynamics_tracking,Hausdorff Distance,point_cloud_directed_hausdorff
robotarm_time_sweep,uniform,3,6,1000,0.23,807761,0.0880509148535,0.1,0.1,"adaptive_inverse_dynamics_tracking(kp=0.01,kd=0.005,lambda=0.02,gamma=0,sigma=0.05,tau_limit=100)",adaptive_inverse_dynamics_tracking,Hausdorff Distance,point_cloud_directed_hausdorff
robotarm_time_sweep,uniform,3,6,1000,0.23,807861,0.0809063641702,0.1,0.1,"adaptive_inverse_dynamics_tracking(kp=0.01,kd=0.005,lambda=0.02,gamma=0,sigma=0.05,tau_limit=100)",adaptive_inverse_dynamics_tracking,Hausdorff Distance,point_cloud_directed_hausdorff
robotarm_time_sweep,uniform,3,6,1000,0.23,807961,0.0801695020133,0.1,0.1,"adaptive_inverse_dynamics_tracking(kp=0.01,kd=0.005,lambda=0.02,gamma=0,sigma=0.05,tau_limit=100)",adaptive_inverse_dynamics_tracking,Hausdorff Distance,point_cloud_directed_hausdorff
robotarm_time_sweep,uniform,3,6,1000,0.23,808061,0.104606730614,0.1,0.1,"adaptive_inverse_dynamics_tracking(kp=0.01,kd=0.005,lambda=0.02,gamma=0,sigma=0.05,tau_limit=100)",adaptive_inverse_dynamics_tracking,Hausdorff Distance,point_cloud_directed_hausdorff
robotarm_time_sweep,uniform,3,6,1000,0.23,808161,0.0926065269838,0.1,0.1,"adaptive_inverse_dynamics_tracking(kp=0.01,kd=0.005,lambda=0.02,gamma=0,sigma=0.05,tau_limit=100)",adaptive_inverse_dynamics_tracking,Hausdorff Distance,point_cloud_directed_hausdorff
robotarm_time_sweep,uniform,3,6,1000,0.34,807871,0.0900310893648,0.1,0.1,"adaptive_inverse_dynamics_tracking(kp=0.01,kd=0.005,lambda=0.02,gamma=0,sigma=0.05,tau_limit=100)",adaptive_inverse_dynamics_tracking,Hausdorff Distance,point_cloud_directed_hausdorff
robotarm_time_sweep,uniform,3,6,1000,0.34,807971,0.0959685658568,0.1,0.1,"adaptive_inverse_dynamics_tracking(kp=0.01,kd=0.005,lambda=0.02,gamma=0,sigma=0.05,tau_limit=100)",adaptive_inverse_dynamics_tracking,Hausdorff Distance,point_cloud_directed_hausdorff
robotarm_time_sweep,uniform,3,6,1000,0.34,808071,0.0871663210962,0.1,0.1,"adaptive_inverse_dynamics_tracking(kp=0.01,kd=0.005,lambda=0.02,gamma=0,sigma=0.05,tau_limit=100)",adaptive_inverse_dynamics_tracking,Hausdorff Distance,point_cloud_directed_hausdorff
robotarm_time_sweep,uniform,3,6,1000,0.34,808171,0.0835493562794,0.1,0.1,"adaptive_inverse_dynamics_tracking(kp=0.01,kd=0.005,lambda=0.02,gamma=0,sigma=0.05,tau_limit=100)",adaptive_inverse_dynamics_tracking,Hausdorff Distance,point_cloud_directed_hausdorff
robotarm_time_sweep,uniform,3,6,1000,0.34,808271,0.0832541597944,0.1,0.1,"adaptive_inverse_dynamics_tracking(kp=0.01,kd=0.005,lambda=0.02,gamma=0,sigma=0.05,tau_limit=100)",adaptive_inverse_dynamics_tracking,Hausdorff Distance,point_cloud_directed_hausdorff
robotarm_time_sweep,uniform,3,6,1000,0.45,807981,0.0857184947033,0.1,0.1,"adaptive_inverse_dynamics_tracking(kp=0.01,kd=0.005,lambda=0.02,gamma=0,sigma=0.05,tau_limit=100)",adaptive_inverse_dynamics_tracking,Hausdorff Distance,point_cloud_directed_hausdorff
robotarm_time_sweep,uniform,3,6,1000,0.45,808081,0.0864791448384,0.1,0.1,"adaptive_inverse_dynamics_tracking(kp=0.01,kd=0.005,lambda=0.02,gamma=0,sigma=0.05,tau_limit=100)",adaptive_inverse_dynamics_tracking,Hausdorff Distance,point_cloud_directed_hausdorff
robotarm_time_sweep,uniform,3,6,1000,0.45,808181,0.0900081782962,0.1,0.1,"adaptive_inverse_dynamics_tracking(kp=0.01,kd=0.005,lambda=0.02,gamma=0,sigma=0.05,tau_limit=100)",adaptive_inverse_dynamics_tracking,Hausdorff Distance,point_cloud_directed_hausdorff
robotarm_time_sweep,uniform,3,6,1000,0.45,808281,0.084303320021,0.1,0.1,"adaptive_inverse_dynamics_tracking(kp=0.01,kd=0.005,lambda=0.02,gamma=0,sigma=0.05,tau_limit=100)",adaptive_inverse_dynamics_tracking,Hausdorff Distance,point_cloud_directed_hausdorff
robotarm_time_sweep,uniform,3,6,1000,0.45,808381,0.0816687632182,0.1,0.1,"adaptive_inverse_dynamics_tracking(kp=0.01,kd=0.005,lambda=0.02,gamma=0,sigma=0.05,tau_limit=100)",adaptive_inverse_dynamics_tracking,Hausdorff Distance,point_cloud_directed_hausdorff
robotarm_time_sweep,uniform,3,6,1000,0.56,808091,0.0836208636658,0.1,0.1,"adaptive_inverse_dynamics_tracking(kp=0.01,kd=0.005,lambda=0.02,gamma=0,sigma=0.05,tau_limit=100)",adaptive_inverse_dynamics_tracking,Hausdorff Distance,point_cloud_directed_hausdorff
robotarm_time_sweep,uniform,3,6,1000,0.56,808191,0.0846006914982,0.1,0.1,"adaptive_inverse_dynamics_tracking(kp=0.01,kd=0.005,lambda=0.02,gamma=0,sigma=0.05,tau_limit=100)",adaptive_inverse_dynamics_tracking,Hausdorff Distance,point_cloud_directed_hausdorff
robotarm_time_sweep,uniform,3,6,1000,0.56,808291,0.0951076723116,0.1,0.1,"adaptive_inverse_dynamics_tracking(kp=0.01,kd=0.005,lambda=0.02,gamma=0,sigma=0.05,tau_limit=100)",adaptive_inverse_dynamics_tracking,Hausdorff Distance,point_cloud_directed_hausdorff
robotarm_time_sweep,uniform,3,6,1000,0.56,808391,0.0890403870185,0.1,0.1,"adaptive_inverse_dynamics_tracking(kp=0.01,kd=0.005,lambda=0.02,gamma=0,sigma=0.05,tau_limit=100)",adaptive_inverse_dynamics_tracking,Hausdorff Distance,point_cloud_directed_hausdorff
robotarm_time_sweep,uniform,3,6,1000,0.56,808491,0.086788587578,0.1,0.1,"adaptive_inverse_dynamics_tracking(kp=0.01,kd=0.005,lambda=0.02,gamma=0,sigma=0.05,tau_limit=100)",adaptive_inverse_dynamics_tracking,Hausdorff Distance,point_cloud_directed_hausdorff
robotarm_time_sweep,uniform,3,6,1000,0.67,808201,0.0927877142625,0.1,0.1,"adaptive_inverse_dynamics_tracking(kp=0.01,kd=0.005,lambda=0.02,gamma=0,sigma=0.05,tau_limit=100)",adaptive_inverse_dynamics_tracking,Hausdorff Distance,point_cloud_directed_hausdorff
robotarm_time_sweep,uniform,3,6,1000,0.67,808301,0.089203064474,0.1,0.1,"adaptive_inverse_dynamics_tracking(kp=0.01,kd=0.005,lambda=0.02,gamma=0,sigma=0.05,tau_limit=100)",adaptive_inverse_dynamics_tracking,Hausdorff Distance,point_cloud_directed_hausdorff
robotarm_time_sweep,uniform,3,6,1000,0.67,808401,0.0983484582927,0.1,0.1,"adaptive_inverse_dynamics_tracking(kp=0.01,kd=0.005,lambda=0.02,gamma=0,sigma=0.05,tau_limit=100)",adaptive_inverse_dynamics_tracking,Hausdorff Distance,point_cloud_directed_hausdorff
robotarm_time_sweep,uniform,3,6,1000,0.67,808501,0.0917798455435,0.1,0.1,"adaptive_inverse_dynamics_tracking(kp=0.01,kd=0.005,lambda=0.02,gamma=0,sigma=0.05,tau_limit=100)",adaptive_inverse_dynamics_tracking,Hausdorff Distance,point_cloud_directed_hausdorff
robotarm_time_sweep,uniform,3,6,1000,0.67,808601,0.0966487993713,0.1,0.1,"adaptive_inverse_dynamics_tracking(kp=0.01,kd=0.005,lambda=0.02,gamma=0,sigma=0.05,tau_limit=100)",adaptive_inverse_dynamics_tracking,Hausdorff Distance,point_cloud_directed_hausdorff
robotarm_time_sweep,uniform,3,6,1000,0.78,808311,0.0874227298496,0.1,0.1,"adaptive_inverse_dynamics_tracking(kp=0.01,kd=0.005,lambda=0.02,gamma=0,sigma=0.05,tau_limit=100)",adaptive_inverse_dynamics_tracking,Hausdorff Distance,point_cloud_directed_hausdorff
robotarm_time_sweep,uniform,3,6,1000,0.78,808411,0.0842430066979,0.1,0.1,"adaptive_inverse_dynamics_tracking(kp=0.01,kd=0.005,lambda=0.02,gamma=0,sigma=0.05,tau_limit=100)",adaptive_inverse_dynamics_tracking,Hausdorff Distance,point_cloud_directed_hausdorff
robotarm_time_sweep,uniform,3,6,1000,0.78,808511,0.0931135695991,0.1,0.1,"adaptive_inverse_dynamics_tracking(kp=0.01,kd=0.005,lambda=0.02,gamma=0,sigma=0.05,tau_limit=100)",adaptive_inverse_dynamics_tracking,Hausdorff Distance,point_cloud_directed_hausdorff
robotarm_time_sweep,uniform,3,6,1000,0.78,808611,0.0830415096925,0.1,0.1,"adaptive_inverse_dynamics_tracking(kp=0.01,kd=0.005,lambda=0.02,gamma=0,sigma=0.05,tau_limit=100)",adaptive_inverse_dynamics_tracking,Hausdorff Distance,point_cloud_directed_hausdorff
robotarm_time_sweep,uniform,3,6,1000,0.78,808711,0.0903208130429,0.1,0.1,"adaptive_inverse_dynamics_tracking(kp=0.01,kd=0.005,lambda=0.02,gamma=0,sigma=0.05,tau_limit=100)",adaptive_inverse_dynamics_tracking,Hausdorff Distance,point_cloud_directed_hausdorff
robotarm_time_sweep,uniform,3,6,1000,0.89,808421,0.0878629334415,0.1,0.1,"adaptive_inverse_dynamics_tracking(kp=0.01,kd=0.005,lambda=0.02,gamma=0,sigma=0.05,tau_limit=100)",adaptive_inverse_dynamics_tracking,Hausdorff Distance,point_cloud_directed_hausdorff
robotarm_time_sweep,uniform,3,6,1000,0.89,808521,0.0833103814936,0.1,0.1,"adaptive_inverse_dynamics_tracking(kp=0.01,kd=0.005,lambda=0.02,gamma=0,sigma=0.05,tau_limit=100)",adaptive_inverse_dynamics_tracking,Hausdorff Distance,point_cloud_directed_hausdorff
robotarm_time_sweep,uniform,3,6,1000,0.89,808621,0.0915839513744,0.1,0.1,"adaptive_inverse_dynamics_tracking(kp=0.01,kd=0.005,lambda=0.02,gamma=0,sigma=0.05,tau_limit=100)",adaptive_inverse_dynamics_tracking,Hausdorff Distance,point_cloud_directed_hausdorff
robotarm_time_sweep,uniform,3,6,1000,0.89,808721,0.0897322627866,0.1,0.1,"adaptive_inverse_dynamics_tracking(kp=0.01,kd=0.005,lambda=0.02,gamma=0,sigma=0.05,tau_limit=100)",adaptive_inverse_dynamics_tracking,Hausdorff Distance,point_cloud_directed_hausdorff
robotarm_time_sweep,uniform,3,6,1000,0.89,808821,0.0837682845118,0.1,0.1,"adaptive_inverse_dynamics_tracking(kp=0.01,kd=0.005,lambda=0.02,gamma=0,sigma=0.05,tau_limit=100)",adaptive_inverse_dynamics_tracking,Hausdorff Distance,point_cloud_directed_hausdorff
robotarm_time_sweep,uniform,3,6,1000,1,808531,0.0931336277852,0.1,0.1,"adaptive_inverse_dynamics_tracking(kp=0.01,kd=0.005,lambda=0.02,gamma=0,sigma=0.05,tau_limit=100)",adaptive_inverse_dynamics_tracking,Hausdorff Distance,point_cloud_directed_hausdorff
robotarm_time_sweep,uniform,3,6,1000,1,808631,0.0826977661009,0.1,0.1,"adaptive_inverse_dynamics_tracking(kp=0.01,kd=0.005,lambda=0.02,gamma=0,sigma=0.05,tau_limit=100)",adaptive_inverse_dynamics_tracking,Hausdorff Distance,point_cloud_directed_hausdorff
robotarm_time_sweep,uniform,3,6,1000,1,808731,0.098304288289,0.1,0.1,"adaptive_inverse_dynamics_tracking(kp=0.01,kd=0.005,lambda=0.02,gamma=0,sigma=0.05,tau_limit=100)",adaptive_inverse_dynamics_tracking,Hausdorff Distance,point_cloud_directed_hausdorff
robotarm_time_sweep,uniform,3,6,1000,1,808831,0.0814353832496,0.1,0.1,"adaptive_inverse_dynamics_tracking(kp=0.01,kd=0.005,lambda=0.02,gamma=0,sigma=0.05,tau_limit=100)",adaptive_inverse_dynamics_tracking,Hausdorff Distance,point_cloud_directed_hausdorff
robotarm_time_sweep,uniform,3,6,1000,1,808931,0.102565067659,0.1,0.1,"adaptive_inverse_dynamics_tracking(kp=0.01,kd=0.005,lambda=0.02,gamma=0,sigma=0.05,tau_limit=100)",adaptive_inverse_dynamics_tracking,Hausdorff Distance,point_cloud_directed_hausdorff
robotarm_time_sweep,uniform,4,8,1000,0.01,817541,0.116259392214,0.1,0.1,"adaptive_inverse_dynamics_tracking(kp=0.01,kd=0.005,lambda=0.02,gamma=0,sigma=0.05,tau_limit=100)",adaptive_inverse_dynamics_tracking,Hausdorff Distance,point_cloud_directed_hausdorff
robotarm_time_sweep,uniform,4,8,1000,0.01,817641,0.125452599299,0.1,0.1,"adaptive_inverse_dynamics_tracking(kp=0.01,kd=0.005,lambda=0.02,gamma=0,sigma=0.05,tau_limit=100)",adaptive_inverse_dynamics_tracking,Hausdorff Distance,point_cloud_directed_hausdorff
robotarm_time_sweep,uniform,4,8,1000,0.01,817741,0.118298227331,0.1,0.1,"adaptive_inverse_dynamics_tracking(kp=0.01,kd=0.005,lambda=0.02,gamma=0,sigma=0.05,tau_limit=100)",adaptive_inverse_dynamics_tracking,Hausdorff Distance,point_cloud_directed_hausdorff
robotarm_time_sweep,uniform,4,8,1000,0.01,817841,0.123817208684,0.1,0.1,"adaptive_inverse_dynamics_tracking(kp=0.01,kd=0.005,lambda=0.02,gamma=0,sigma=0.05,tau_limit=100)",adaptive_inverse_dynamics_tracking,Hausdorff Distance,point_cloud_directed_hausdorff
robotarm_time_sweep,uniform,4,8,1000,0.01,817941,0.131636346086,0.1,0.1,"adaptive_inverse_dynamics_tracking(kp=0.01,kd=0.005,lambda=0.02,gamma=0,sigma=0.05,tau_limit=100)",adaptive_inverse_dynamics_tracking,Hausdorff Distance,point_cloud_directed_hausdorff
robotarm_time_sweep,uniform,4,8,1000,0.12,817651,0.128182085241,0.1,0.1,"adaptive_inverse_dynamics_tracking(kp=0.01,kd=0.005,lambda=0.02,gamma=0,sigma=0.05,tau_limit=100)",adaptive_inverse_dynamics_tracking,Hausdorff Distance,point_cloud_directed_hausdorff
robotarm_time_sweep,uniform,4,8,1000,0.12,817751,0.120083222045,0.1,0.1,"adaptive_inverse_dynamics_tracking(kp=0.01,kd=0.005,lambda=0.02,gamma=0,sigma=0.05,tau_limit=100)",adaptive_inverse_dynamics_tracking,Hausdorff Distance,point_cloud_directed_hausdorff
robotarm_time_sweep,uniform,4,8,1000,0.12,817851,0.132745888839,0.1,0.1,"adaptive_inverse_dynamics_tracking(kp=0.01,kd=0.005,lambda=0.02,gamma=0,sigma=0.05,tau_limit=100)",adaptive_inverse_dynamics_tracking,Hausdorff Distance,point_cloud_directed_hausdorff
robotarm_time_sweep,uniform,4,8,1000,0.12,817951,0.121102355464,0.1,0.1,"adaptive_inverse_dynamics_tracking(kp=0.01,kd=0.005,lambda=0.02,gamma=0,sigma=0.05,tau_limit=100)",adaptive_inverse_dynamics_tracking,Hausdorff Distance,point_cloud_directed_hausdorff
robotarm_time_sweep,uniform,4,8,1000,0.12,818051,0.11615386644,0.1,0.1,"adaptive_inverse_dynamics_tracking(kp=0.01,kd=0.005,lambda=0.02,gamma=0,sigma=0.05,tau_limit=100)",adaptive_inverse_dynamics_tracking,Hausdorff Distance,point_cloud_directed_hausdorff
robotarm_time_sweep,uniform,4,8,1000,0.23,817761,0.135741149903,0.1,0.1,"adaptive_inverse_dynamics_tracking(kp=0.01,kd=0.005,lambda=0.02,gamma=0,sigma=0.05,tau_limit=100)",adaptive_inverse_dynamics_tracking,Hausdorff Distance,point_cloud_directed_hausdorff
robotarm_time_sweep,uniform,4,8,1000,0.23,817861,0.130257259275,0.1,0.1,"adaptive_inverse_dynamics_tracking(kp=0.01,kd=0.005,lambda=0.02,gamma=0,sigma=0.05,tau_limit=100)",adaptive_inverse_dynamics_tracking,Hausdorff Distance,point_cloud_directed_hausdorff
robotarm_time_sweep,uniform,4,8,1000,0.23,817961,0.12456724123,0.1,0.1,"adaptive_inverse_dynamics_tracking(kp=0.01,kd=0.005,lambda=0.02,gamma=0,sigma=0.05,tau_limit=100)",adaptive_inverse_dynamics_tracking,Hausdorff Distance,point_cloud_directed_hausdorff
robotarm_time_sweep,uniform,4,8,1000,0.23,818061,0.124966030991,0.1,0.1,"adaptive_inverse_dynamics_tracking(kp=0.01,kd=0.005,lambda=0.02,gamma=0,sigma=0.05,tau_limit=100)",adaptive_inverse_dynamics_tracking,Hausdorff Distance,point_cloud_directed_hausdorff
robotarm_time_sweep,uniform,4,8,1000,0.23,818161,0.130341111644,0.1,0.1,"adaptive_inverse_dynamics_tracking(kp=0.01,kd=0.005,lambda=0.02,gamma=0,sigma=0.05,tau_limit=100)",adaptive_inverse_dynamics_tracking,Hausdorff Distance,point_cloud_directed_hausdorff
robotarm_time_sweep,uniform,4,8,1000,0.34,817871,0.120784881441,0.1,0.1,"adaptive_inverse_dynamics_tracking(kp=0.01,kd=0.005,lambda=0.02,gamma=0,sigma=0.05,tau_limit=100)",adaptive_inverse_dynamics_tracking,Hausdorff Distance,point_cloud_directed_hausdorff
robotarm_time_sweep,uniform,4,8,1000,0.34,817971,0.133764024215,0.1,0.1,"adaptive_inverse_dynamics_tracking(kp=0.01,kd=0.005,lambda=0.02,gamma=0,sigma=0.05,tau_limit=100)",adaptive_inverse_dynamics_tracking,Hausdorff Distance,point_cloud_directed_hausdorff
robotarm_time_sweep,uniform,4,8,1000,0.34,818071,0.125110758947,0.1,0.1,"adaptive_inverse_dynamics_tracking(kp=0.01,kd=0.005,lambda=0.02,gamma=0,sigma=0.05,tau_limit=100)",adaptive_inverse_dynamics_tracking,Hausdorff Distance,point_cloud_directed_hausdorff
robotarm_time_sweep,uniform,4,8,1000,0.34,818171,0.120824539758,0.1,0.1,"adaptive_inverse_dynamics_tracking(kp=0.01,kd=0.005,lambda=0.02,gamma=0,sigma=0.05,tau_limit=100)",adaptive_inverse_dynamics_tracking,Hausdorff Distance,point_cloud_directed_hausdorff
robotarm_time_sweep,uniform,4,8,1000,0.34,818271,0.117847366023,0.1,0.1,"adaptive_inverse_dynamics_tracking(kp=0.01,kd=0.005,lambda=0.02,gamma=0,sigma=0.05,tau_limit=100)",adaptive_inverse_dynamics_tracking,Hausdorff Distance,point_cloud_directed_hausdorff
robotarm_time_sweep,uniform,4,8,1000,0.45,817981,0.127128983622,0.1,0.1,"adaptive_inverse_dynamics_tracking(kp=0.01,kd=0.005,lambda=0.02,gamma=0,sigma=0.05,tau_limit=100)",adaptive_inverse_dynamics_tracking,Hausdorff Distance,point_cloud_directed_hausdorff
robotarm_time_sweep,uniform,4,8,1000,0.45,818081,0.116747659373,0.1,0.1,"adaptive_inverse_dynamics_tracking(kp=0.01,kd=0.005,lambda=0.02,gamma=0,sigma=0.05,tau_limit=100)",adaptive_inverse_dynamics_tracking,Hausdorff Distance,point_cloud_directed_hausdorff
robotarm_time_sweep,uniform,4,8,1000,0.45,818181,0.116299760749,0.1,0.1,"adaptive_inverse_dynamics_tracking(kp=0.01,kd=0.005,lambda=0.02,gamma=0,sigma=0.05,tau_limit=100)",adaptive_inverse_dynamics_tracking,Hausdorff Distance,point_cloud_directed_hausdorff
robotarm_time_sweep,uniform,4,8,1000,0.45,818281,0.125576334804,0.1,0.1,"adaptive_inverse_dynamics_tracking(kp=0.01,kd=0.005,lambda=0.02,gamma=0,sigma=0.05,tau_limit=100)",adaptive_inverse_dynamics_tracking,Hausdorff Distance,point_cloud_directed_hausdorff
robotarm_time_sweep,uniform,4,8,1000,0.45,818381,0.122797084879,0.1,0.1,"adaptive_inverse_dynamics_tracking(kp=0.01,kd=0.005,lambda=0.02,gamma=0,sigma=0.05,tau_limit=100)",adaptive_inverse_dynamics_tracking,Hausdorff Distance,point_cloud_directed_hausdorff
robotarm_time_sweep,uniform,4,8,1000,0.56,818091,0.122617789761,0.1,0.1,"adaptive_inverse_dynamics_tracking(kp=0.01,kd=0.005,lambda=0.02,gamma=0,sigma=0.05,tau_limit=100)",adaptive_inverse_dynamics_tracking,Hausdorff Distance,point_cloud_directed_hausdorff
robotarm_time_sweep,uniform,4,8,1000,0.56,818191,0.124377797788,0.1,0.1,"adaptive_inverse_dynamics_tracking(kp=0.01,kd=0.005,lambda=0.02,gamma=0,sigma=0.05,tau_limit=100)",adaptive_inverse_dynamics_tracking,Hausdorff Distance,point_cloud_directed_hausdorff
robotarm_time_sweep,uniform,4,8,1000,0.56,818291,0.126867322119,0.1,0.1,"adaptive_inverse_dynamics_tracking(kp=0.01,kd=0.005,lambda=0.02,gamma=0,sigma=0.05,tau_limit=100)",adaptive_inverse_dynamics_tracking,Hausdorff Distance,point_cloud_directed_hausdorff
robotarm_time_sweep,uniform,4,8,1000,0.56,818391,0.115640701761,0.1,0.1,"adaptive_inverse_dynamics_tracking(kp=0.01,kd=0.005,lambda=0.02,gamma=0,sigma=0.05,tau_limit=100)",adaptive_inverse_dynamics_tracking,Hausdorff Distance,point_cloud_directed_hausdorff
robotarm_time_sweep,uniform,4,8,1000,0.56,818491,0.128499528488,0.1,0.1,"adaptive_inverse_dynamics_tracking(kp=0.01,kd=0.005,lambda=0.02,gamma=0,sigma=0.05,tau_limit=100)",adaptive_inverse_dynamics_tracking,Hausdorff Distance,point_cloud_directed_hausdorff
robotarm_time_sweep,uniform,4,8,1000,0.67,818201,0.126468611294,0.1,0.1,"adaptive_inverse_dynamics_tracking(kp=0.01,kd=0.005,lambda=0.02,gamma=0,sigma=0.05,tau_limit=100)",adaptive_inverse_dynamics_tracking,Hausdorff Distance,point_cloud_directed_hausdorff
robotarm_time_sweep,uniform,4,8,1000,0.67,818301,0.118750933121,0.1,0.1,"adaptive_inverse_dynamics_tracking(kp=0.01,kd=0.005,lambda=0.02,gamma=0,sigma=0.05,tau_limit=100)",adaptive_inverse_dynamics_tracking,Hausdorff Distance,point_cloud_directed_hausdorff
robotarm_time_sweep,uniform,4,8,1000,0.67,818401,0.121487041737,0.1,0.1,"adaptive_inverse_dynamics_tracking(kp=0.01,kd=0.005,lambda=0.02,gamma=0,sigma=0.05,tau_limit=100)",adaptive_inverse_dynamics_tracking,Hausdorff Distance,point_cloud_directed_hausdorff
robotarm_time_sweep,uniform,4,8,1000,0.67,818501,0.124217813766,0.1,0.1,"adaptive_inverse_dynamics_tracking(kp=0.01,kd=0.005,lambda=0.02,gamma=0,sigma=0.05,tau_limit=100)",adaptive_inverse_dynamics_tracking,Hausdorff Distance,point_cloud_directed_hausdorff
robotarm_time_sweep,uniform,4,8,1000,0.67,818601,0.124232209488,0.1,0.1,"adaptive_inverse_dynamics_tracking(kp=0.01,kd=0.005,lambda=0.02,gamma=0,sigma=0.05,tau_limit=100)",adaptive_inverse_dynamics_tracking,Hausdorff Distance,point_cloud_directed_hausdorff
robotarm_time_sweep,uniform,4,8,1000,0.78,818311,0.122227611009,0.1,0.1,"adaptive_inverse_dynamics_tracking(kp=0.01,kd=0.005,lambda=0.02,gamma=0,sigma=0.05,tau_limit=100)",adaptive_inverse_dynamics_tracking,Hausdorff Distance,point_cloud_directed_hausdorff
robotarm_time_sweep,uniform,4,8,1000,0.78,818411,0.130070880885,0.1,0.1,"adaptive_inverse_dynamics_tracking(kp=0.01,kd=0.005,lambda=0.02,gamma=0,sigma=0.05,tau_limit=100)",adaptive_inverse_dynamics_tracking,Hausdorff Distance,point_cloud_directed_hausdorff
robotarm_time_sweep,uniform,4,8,1000,0.78,818511,0.136214583973,0.1,0.1,"adaptive_inverse_dynamics_tracking(kp=0.01,kd=0.005,lambda=0.02,gamma=0,sigma=0.05,tau_limit=100)",adaptive_inverse_dynamics_tracking,Hausdorff Distance,point_cloud_directed_hausdorff
robotarm_time_sweep,uniform,4,8,1000,0.78,818611,0.120316246917,0.1,0.1,"adaptive_inverse_dynamics_tracking(kp=0.01,kd=0.005,lambda=0.02,gamma=0,sigma=0.05,tau_limit=100)",adaptive_inverse_dynamics_tracking,Hausdorff Distance,point_cloud_directed_hausdorff
robotarm_time_sweep,uniform,4,8,1000,0.78,818711,0.13424021554,0.1,0.1,"adaptive_inverse_dynamics_tracking(kp=0.01,kd=0.005,lambda=0.02,gamma=0,sigma=0.05,tau_limit=100)",adaptive_inverse_dynamics_tracking,Hausdorff Distance,point_cloud_directed_hausdorff
robotarm_time_sweep,uniform,4,8,1000,0.89,818421,0.128838222277,0.1,0.1,"adaptive_inverse_dynamics_tracking(kp=0.01,kd=0.005,lambda=0.02,gamma=0,sigma=0.05,tau_limit=100)",adaptive_inverse_dynamics_tracking,Hausdorff Distance,point_cloud_directed_hausdorff
robotarm_time_sweep,uniform,4,8,1000,0.89,818521,0.136466909254,0.1,0.1,"adaptive_inverse_dynamics_tracking(kp=0.01,kd=0.005,lambda=0.02,gamma=0,sigma=0.05,tau_limit=100)",adaptive_inverse_dynamics_tracking,Hausdorff Distance,point_cloud_directed_hausdorff
robotarm_time_sweep,uniform,4,8,1000,0.89,818621,0.11913615324,0.1,0.1,"adaptive_inverse_dynamics_tracking(kp=0.01,kd=0.005,lambda=0.02,gamma=0,sigma=0.05,tau_limit=100)",adaptive_inverse_dynamics_tracking,Hausdorff Distance,point_cloud_directed_hausdorff
robotarm_time_sweep,uniform,4,8,1000,0.89,818721,0.120959689033,0.1,0.1,"adaptive_inverse_dynamics_tracking(kp=0.01,kd=0.005,lambda=0.02,gamma=0,sigma=0.05,tau_limit=100)",adaptive_inverse_dynamics_tracking,Hausdorff Distance,point_cloud_directed_hausdorff
robotarm_time_sweep,uniform,4,8,1000,0.89,818821,0.125017832193,0.1,0.1,"adaptive_inverse_dynamics_tracking(kp=0.01,kd=0.005,lambda=0.02,gamma=0,sigma=0.05,tau_limit=100)",adaptive_inverse_dynamics_tracking,Hausdorff Distance,point_cloud_directed_hausdorff
robotarm_time_sweep,uniform,4,8,1000,1,818531,0.137511044394,0.1,0.1,"adaptive_inverse_dynamics_tracking(kp=0.01,kd=0.005,lambda=0.02,gamma=0,sigma=0.05,tau_limit=100)",adaptive_inverse_dynamics_tracking,Hausdorff Distance,point_cloud_directed_hausdorff
robotarm_time_sweep,uniform,4,8,1000,1,818631,0.127551125465,0.1,0.1,"adaptive_inverse_dynamics_tracking(kp=0.01,kd=0.005,lambda=0.02,gamma=0,sigma=0.05,tau_limit=100)",adaptive_inverse_dynamics_tracking,Hausdorff Distance,point_cloud_directed_hausdorff
robotarm_time_sweep,uniform,4,8,1000,1,818731,0.140040298035,0.1,0.1,"adaptive_inverse_dynamics_tracking(kp=0.01,kd=0.005,lambda=0.02,gamma=0,sigma=0.05,tau_limit=100)",adaptive_inverse_dynamics_tracking,Hausdorff Distance,point_cloud_directed_hausdorff
robotarm_time_sweep,uniform,4,8,1000,1,818831,0.135795228067,0.1,0.1,"adaptive_inverse_dynamics_tracking(kp=0.01,kd=0.005,lambda=0.02,gamma=0,sigma=0.05,tau_limit=100)",adaptive_inverse_dynamics_tracking,Hausdorff Distance,point_cloud_directed_hausdorff
robotarm_time_sweep,uniform,4,8,1000,1,818931,0.124581306281,0.1,0.1,"adaptive_inverse_dynamics_tracking(kp=0.01,kd=0.005,lambda=0.02,gamma=0,sigma=0.05,tau_limit=100)",adaptive_inverse_dynamics_tracking,Hausdorff Distance,point_cloud_directed_hausdorff
