experiment,method,n,state_dim,N,seed,error,T,rho_q,rho_v,controller,metric_name,metric_implementation
robotarm_dim_scaling,uniform,3,6,1,107532,0.388092611713,1.0,0.1,0.1,"adaptive_inverse_dynamics_tracking(kp=0.01,kd=0.005,lambda=0.02,gamma=0,sigma=0.05,tau_limit=100)",Hausdorff Distance,point_cloud_directed_hausdorff
robotarm_dim_scaling,uniform,3,6,1,107632,0.355583116679,1.0,0.1,0.1,"adaptive_inverse_dynamics_tracking(kp=0.01,kd=0.005,lambda=0.02,gamma=0,sigma=0.05,tau_limit=100)",Hausdorff Distance,point_cloud_directed_hausdorff
robotarm_dim_scaling,uniform,3,6,1,107732,0.386975237264,1.0,0.1,0.1,"adaptive_inverse_dynamics_tracking(kp=0.01,kd=0.005,lambda=0.02,gamma=0,sigma=0.05,tau_limit=100)",Hausdorff Distance,point_cloud_directed_hausdorff
robotarm_dim_scaling,uniform,3,6,1,107832,0.435901327418,1.0,0.1,0.1,"adaptive_inverse_dynamics_tracking(kp=0.01,kd=0.005,lambda=0.02,gamma=0,sigma=0.05,tau_limit=100)",Hausdorff Distance,point_cloud_directed_hausdorff
robotarm_dim_scaling,uniform,3,6,1,107932,0.476016041265,1.0,0.1,0.1,"adaptive_inverse_dynamics_tracking(kp=0.01,kd=0.005,lambda=0.02,gamma=0,sigma=0.05,tau_limit=100)",Hausdorff Distance,point_cloud_directed_hausdorff
robotarm_dim_scaling,uniform,3,6,1,108032,0.432878570002,1.0,0.1,0.1,"adaptive_inverse_dynamics_tracking(kp=0.01,kd=0.005,lambda=0.02,gamma=0,sigma=0.05,tau_limit=100)",Hausdorff Distance,point_cloud_directed_hausdorff
robotarm_dim_scaling,uniform,3,6,1,108132,0.360902271734,1.0,0.1,0.1,"adaptive_inverse_dynamics_tracking(kp=0.01,kd=0.005,lambda=0.02,gamma=0,sigma=0.05,tau_limit=100)",Hausdorff Distance,point_cloud_directed_hausdorff
robotarm_dim_scaling,uniform,3,6,1,108232,0.478741932836,1.0,0.1,0.1,"adaptive_inverse_dynamics_tracking(kp=0.01,kd=0.005,lambda=0.02,gamma=0,sigma=0.05,tau_limit=100)",Hausdorff Distance,point_cloud_directed_hausdorff
robotarm_dim_scaling,uniform,3,6,1,108332,0.354169448855,1.0,0.1,0.1,"adaptive_inverse_dynamics_tracking(kp=0.01,kd=0.005,lambda=0.02,gamma=0,sigma=0.05,tau_limit=100)",Hausdorff Distance,point_cloud_directed_hausdorff
robotarm_dim_scaling,uniform,3,6,1,108432,0.513871151979,1.0,0.1,0.1,"adaptive_inverse_dynamics_tracking(kp=0.01,kd=0.005,lambda=0.02,gamma=0,sigma=0.05,tau_limit=100)",Hausdorff Distance,point_cloud_directed_hausdorff
robotarm_dim_scaling,uniform,3,6,3,107534,0.310927982338,1.0,0.1,0.1,"adaptive_inverse_dynamics_tracking(kp=0.01,kd=0.005,lambda=0.02,gamma=0,sigma=0.05,tau_limit=100)",Hausdorff Distance,point_cloud_directed_hausdorff
robotarm_dim_scaling,uniform,3,6,3,107634,0.345639241512,1.0,0.1,0.1,"adaptive_inverse_dynamics_tracking(kp=0.01,kd=0.005,lambda=0.02,gamma=0,sigma=0.05,tau_limit=100)",Hausdorff Distance,point_cloud_directed_hausdorff
robotarm_dim_scaling,uniform,3,6,3,107734,0.350786756968,1.0,0.1,0.1,"adaptive_inverse_dynamics_tracking(kp=0.01,kd=0.005,lambda=0.02,gamma=0,sigma=0.05,tau_limit=100)",Hausdorff Distance,point_cloud_directed_hausdorff
robotarm_dim_scaling,uniform,3,6,3,107834,0.335687854537,1.0,0.1,0.1,"adaptive_inverse_dynamics_tracking(kp=0.01,kd=0.005,lambda=0.02,gamma=0,sigma=0.05,tau_limit=100)",Hausdorff Distance,point_cloud_directed_hausdorff
robotarm_dim_scaling,uniform,3,6,3,107934,0.295219925332,1.0,0.1,0.1,"adaptive_inverse_dynamics_tracking(kp=0.01,kd=0.005,lambda=0.02,gamma=0,sigma=0.05,tau_limit=100)",Hausdorff Distance,point_cloud_directed_hausdorff
robotarm_dim_scaling,uniform,3,6,3,108034,0.346288069539,1.0,0.1,0.1,"adaptive_inverse_dynamics_tracking(kp=0.01,kd=0.005,lambda=0.02,gamma=0,sigma=0.05,tau_limit=100)",Hausdorff Distance,point_cloud_directed_hausdorff
robotarm_dim_scaling,uniform,3,6,3,108134,0.291559705463,1.0,0.1,0.1,"adaptive_inverse_dynamics_tracking(kp=0.01,kd=0.005,lambda=0.02,gamma=0,sigma=0.05,tau_limit=100)",Hausdorff Distance,point_cloud_directed_hausdorff
robotarm_dim_scaling,uniform,3,6,3,108234,0.298941077519,1.0,0.1,0.1,"adaptive_inverse_dynamics_tracking(kp=0.01,kd=0.005,lambda=0.02,gamma=0,sigma=0.05,tau_limit=100)",Hausdorff Distance,point_cloud_directed_hausdorff
robotarm_dim_scaling,uniform,3,6,3,108334,0.324958205292,1.0,0.1,0.1,"adaptive_inverse_dynamics_tracking(kp=0.01,kd=0.005,lambda=0.02,gamma=0,sigma=0.05,tau_limit=100)",Hausdorff Distance,point_cloud_directed_hausdorff
robotarm_dim_scaling,uniform,3,6,3,108434,0.324581960187,1.0,0.1,0.1,"adaptive_inverse_dynamics_tracking(kp=0.01,kd=0.005,lambda=0.02,gamma=0,sigma=0.05,tau_limit=100)",Hausdorff Distance,point_cloud_directed_hausdorff
robotarm_dim_scaling,uniform,3,6,10,107541,0.255565622238,1.0,0.1,0.1,"adaptive_inverse_dynamics_tracking(kp=0.01,kd=0.005,lambda=0.02,gamma=0,sigma=0.05,tau_limit=100)",Hausdorff Distance,point_cloud_directed_hausdorff
robotarm_dim_scaling,uniform,3,6,10,107641,0.231807411158,1.0,0.1,0.1,"adaptive_inverse_dynamics_tracking(kp=0.01,kd=0.005,lambda=0.02,gamma=0,sigma=0.05,tau_limit=100)",Hausdorff Distance,point_cloud_directed_hausdorff
robotarm_dim_scaling,uniform,3,6,10,107741,0.24154004433,1.0,0.1,0.1,"adaptive_inverse_dynamics_tracking(kp=0.01,kd=0.005,lambda=0.02,gamma=0,sigma=0.05,tau_limit=100)",Hausdorff Distance,point_cloud_directed_hausdorff
robotarm_dim_scaling,uniform,3,6,10,107841,0.224692447245,1.0,0.1,0.1,"adaptive_inverse_dynamics_tracking(kp=0.01,kd=0.005,lambda=0.02,gamma=0,sigma=0.05,tau_limit=100)",Hausdorff Distance,point_cloud_directed_hausdorff
robotarm_dim_scaling,uniform,3,6,10,107941,0.286426771344,1.0,0.1,0.1,"adaptive_inverse_dynamics_tracking(kp=0.01,kd=0.005,lambda=0.02,gamma=0,sigma=0.05,tau_limit=100)",Hausdorff Distance,point_cloud_directed_hausdorff
robotarm_dim_scaling,uniform,3,6,10,108041,0.257753624996,1.0,0.1,0.1,"adaptive_inverse_dynamics_tracking(kp=0.01,kd=0.005,lambda=0.02,gamma=0,sigma=0.05,tau_limit=100)",Hausdorff Distance,point_cloud_directed_hausdorff
robotarm_dim_scaling,uniform,3,6,10,108141,0.229057865764,1.0,0.1,0.1,"adaptive_inverse_dynamics_tracking(kp=0.01,kd=0.005,lambda=0.02,gamma=0,sigma=0.05,tau_limit=100)",Hausdorff Distance,point_cloud_directed_hausdorff
robotarm_dim_scaling,uniform,3,6,10,108241,0.254077711728,1.0,0.1,0.1,"adaptive_inverse_dynamics_tracking(kp=0.01,kd=0.005,lambda=0.02,gamma=0,sigma=0.05,tau_limit=100)",Hausdorff Distance,point_cloud_directed_hausdorff
robotarm_dim_scaling,uniform,3,6,10,108341,0.231949638707,1.0,0.1,0.1,"adaptive_inverse_dynamics_tracking(kp=0.01,kd=0.005,lambda=0.02,gamma=0,sigma=0.05,tau_limit=100)",Hausdorff Distance,point_cloud_directed_hausdorff
robotarm_dim_scaling,uniform,3,6,10,108441,0.26570613694,1.0,0.1,0.1,"adaptive_inverse_dynamics_tracking(kp=0.01,kd=0.005,lambda=0.02,gamma=0,sigma=0.05,tau_limit=100)",Hausdorff Distance,point_cloud_directed_hausdorff
robotarm_dim_scaling,uniform,3,6,30,107561,0.21846778573,1.0,0.1,0.1,"adaptive_inverse_dynamics_tracking(kp=0.01,kd=0.005,lambda=0.02,gamma=0,sigma=0.05,tau_limit=100)",Hausdorff Distance,point_cloud_directed_hausdorff
robotarm_dim_scaling,uniform,3,6,30,107661,0.194457405809,1.0,0.1,0.1,"adaptive_inverse_dynamics_tracking(kp=0.01,kd=0.005,lambda=0.02,gamma=0,sigma=0.05,tau_limit=100)",Hausdorff Distance,point_cloud_directed_hausdorff
robotarm_dim_scaling,uniform,3,6,30,107761,0.218108448113,1.0,0.1,0.1,"adaptive_inverse_dynamics_tracking(kp=0.01,kd=0.005,lambda=0.02,gamma=0,sigma=0.05,tau_limit=100)",Hausdorff Distance,point_cloud_directed_hausdorff
robotarm_dim_scaling,uniform,3,6,30,107861,0.223762863606,1.0,0.1,0.1,"adaptive_inverse_dynamics_tracking(kp=0.01,kd=0.005,lambda=0.02,gamma=0,sigma=0.05,tau_limit=100)",Hausdorff Distance,point_cloud_directed_hausdorff
robotarm_dim_scaling,uniform,3,6,30,107961,0.185877338773,1.0,0.1,0.1,"adaptive_inverse_dynamics_tracking(kp=0.01,kd=0.005,lambda=0.02,gamma=0,sigma=0.05,tau_limit=100)",Hausdorff Distance,point_cloud_directed_hausdorff
robotarm_dim_scaling,uniform,3,6,30,108061,0.194509696775,1.0,0.1,0.1,"adaptive_inverse_dynamics_tracking(kp=0.01,kd=0.005,lambda=0.02,gamma=0,sigma=0.05,tau_limit=100)",Hausdorff Distance,point_cloud_directed_hausdorff
robotarm_dim_scaling,uniform,3,6,30,108161,0.204540267836,1.0,0.1,0.1,"adaptive_inverse_dynamics_tracking(kp=0.01,kd=0.005,lambda=0.02,gamma=0,sigma=0.05,tau_limit=100)",Hausdorff Distance,point_cloud_directed_hausdorff
robotarm_dim_scaling,uniform,3,6,30,108261,0.210689147784,1.0,0.1,0.1,"adaptive_inverse_dynamics_tracking(kp=0.01,kd=0.005,lambda=0.02,gamma=0,sigma=0.05,tau_limit=100)",Hausdorff Distance,point_cloud_directed_hausdorff
robotarm_dim_scaling,uniform,3,6,30,108361,0.223276067288,1.0,0.1,0.1,"adaptive_inverse_dynamics_tracking(kp=0.01,kd=0.005,lambda=0.02,gamma=0,sigma=0.05,tau_limit=100)",Hausdorff Distance,point_cloud_directed_hausdorff
robotarm_dim_scaling,uniform,3,6,30,108461,0.20382430549,1.0,0.1,0.1,"adaptive_inverse_dynamics_tracking(kp=0.01,kd=0.005,lambda=0.02,gamma=0,sigma=0.05,tau_limit=100)",Hausdorff Distance,point_cloud_directed_hausdorff
robotarm_dim_scaling,uniform,3,6,100,107631,0.148247573051,1.0,0.1,0.1,"adaptive_inverse_dynamics_tracking(kp=0.01,kd=0.005,lambda=0.02,gamma=0,sigma=0.05,tau_limit=100)",Hausdorff Distance,point_cloud_directed_hausdorff
robotarm_dim_scaling,uniform,3,6,100,107731,0.149345805162,1.0,0.1,0.1,"adaptive_inverse_dynamics_tracking(kp=0.01,kd=0.005,lambda=0.02,gamma=0,sigma=0.05,tau_limit=100)",Hausdorff Distance,point_cloud_directed_hausdorff
robotarm_dim_scaling,uniform,3,6,100,107831,0.161919167918,1.0,0.1,0.1,"adaptive_inverse_dynamics_tracking(kp=0.01,kd=0.005,lambda=0.02,gamma=0,sigma=0.05,tau_limit=100)",Hausdorff Distance,point_cloud_directed_hausdorff
robotarm_dim_scaling,uniform,3,6,100,107931,0.137545962637,1.0,0.1,0.1,"adaptive_inverse_dynamics_tracking(kp=0.01,kd=0.005,lambda=0.02,gamma=0,sigma=0.05,tau_limit=100)",Hausdorff Distance,point_cloud_directed_hausdorff
robotarm_dim_scaling,uniform,3,6,100,108031,0.159642005979,1.0,0.1,0.1,"adaptive_inverse_dynamics_tracking(kp=0.01,kd=0.005,lambda=0.02,gamma=0,sigma=0.05,tau_limit=100)",Hausdorff Distance,point_cloud_directed_hausdorff
robotarm_dim_scaling,uniform,3,6,100,108131,0.142171704648,1.0,0.1,0.1,"adaptive_inverse_dynamics_tracking(kp=0.01,kd=0.005,lambda=0.02,gamma=0,sigma=0.05,tau_limit=100)",Hausdorff Distance,point_cloud_directed_hausdorff
robotarm_dim_scaling,uniform,3,6,100,108231,0.157222939806,1.0,0.1,0.1,"adaptive_inverse_dynamics_tracking(kp=0.01,kd=0.005,lambda=0.02,gamma=0,sigma=0.05,tau_limit=100)",Hausdorff Distance,point_cloud_directed_hausdorff
robotarm_dim_scaling,uniform,3,6,100,108331,0.155072709599,1.0,0.1,0.1,"adaptive_inverse_dynamics_tracking(kp=0.01,kd=0.005,lambda=0.02,gamma=0,sigma=0.05,tau_limit=100)",Hausdorff Distance,point_cloud_directed_hausdorff
robotarm_dim_scaling,uniform,3,6,100,108431,0.1461683156,1.0,0.1,0.1,"adaptive_inverse_dynamics_tracking(kp=0.01,kd=0.005,lambda=0.02,gamma=0,sigma=0.05,tau_limit=100)",Hausdorff Distance,point_cloud_directed_hausdorff
robotarm_dim_scaling,uniform,3,6,100,108531,0.170631511436,1.0,0.1,0.1,"adaptive_inverse_dynamics_tracking(kp=0.01,kd=0.005,lambda=0.02,gamma=0,sigma=0.05,tau_limit=100)",Hausdorff Distance,point_cloud_directed_hausdorff
robotarm_dim_scaling,uniform,3,6,300,107831,0.135409931939,1.0,0.1,0.1,"adaptive_inverse_dynamics_tracking(kp=0.01,kd=0.005,lambda=0.02,gamma=0,sigma=0.05,tau_limit=100)",Hausdorff Distance,point_cloud_directed_hausdorff
robotarm_dim_scaling,uniform,3,6,300,107931,0.126854780799,1.0,0.1,0.1,"adaptive_inverse_dynamics_tracking(kp=0.01,kd=0.005,lambda=0.02,gamma=0,sigma=0.05,tau_limit=100)",Hausdorff Distance,point_cloud_directed_hausdorff
robotarm_dim_scaling,uniform,3,6,300,108031,0.115623245748,1.0,0.1,0.1,"adaptive_inverse_dynamics_tracking(kp=0.01,kd=0.005,lambda=0.02,gamma=0,sigma=0.05,tau_limit=100)",Hausdorff Distance,point_cloud_directed_hausdorff
robotarm_dim_scaling,uniform,3,6,300,108131,0.114833033203,1.0,0.1,0.1,"adaptive_inverse_dynamics_tracking(kp=0.01,kd=0.005,lambda=0.02,gamma=0,sigma=0.05,tau_limit=100)",Hausdorff Distance,point_cloud_directed_hausdorff
robotarm_dim_scaling,uniform,3,6,300,108231,0.120127002466,1.0,0.1,0.1,"adaptive_inverse_dynamics_tracking(kp=0.01,kd=0.005,lambda=0.02,gamma=0,sigma=0.05,tau_limit=100)",Hausdorff Distance,point_cloud_directed_hausdorff
robotarm_dim_scaling,uniform,3,6,300,108331,0.123430341642,1.0,0.1,0.1,"adaptive_inverse_dynamics_tracking(kp=0.01,kd=0.005,lambda=0.02,gamma=0,sigma=0.05,tau_limit=100)",Hausdorff Distance,point_cloud_directed_hausdorff
robotarm_dim_scaling,uniform,3,6,300,108431,0.114170674416,1.0,0.1,0.1,"adaptive_inverse_dynamics_tracking(kp=0.01,kd=0.005,lambda=0.02,gamma=0,sigma=0.05,tau_limit=100)",Hausdorff Distance,point_cloud_directed_hausdorff
robotarm_dim_scaling,uniform,3,6,300,108531,0.111696864286,1.0,0.1,0.1,"adaptive_inverse_dynamics_tracking(kp=0.01,kd=0.005,lambda=0.02,gamma=0,sigma=0.05,tau_limit=100)",Hausdorff Distance,point_cloud_directed_hausdorff
robotarm_dim_scaling,uniform,3,6,300,108631,0.118318817042,1.0,0.1,0.1,"adaptive_inverse_dynamics_tracking(kp=0.01,kd=0.005,lambda=0.02,gamma=0,sigma=0.05,tau_limit=100)",Hausdorff Distance,point_cloud_directed_hausdorff
robotarm_dim_scaling,uniform,3,6,300,108731,0.130675513414,1.0,0.1,0.1,"adaptive_inverse_dynamics_tracking(kp=0.01,kd=0.005,lambda=0.02,gamma=0,sigma=0.05,tau_limit=100)",Hausdorff Distance,point_cloud_directed_hausdorff
robotarm_dim_scaling,uniform,3,6,1000,108531,0.0949632925737,1.0,0.1,0.1,"adaptive_inverse_dynamics_tracking(kp=0.01,kd=0.005,lambda=0.02,gamma=0,sigma=0.05,tau_limit=100)",Hausdorff Distance,point_cloud_directed_hausdorff
robotarm_dim_scaling,uniform,3,6,1000,108631,0.0981137642984,1.0,0.1,0.1,"adaptive_inverse_dynamics_tracking(kp=0.01,kd=0.005,lambda=0.02,gamma=0,sigma=0.05,tau_limit=100)",Hausdorff Distance,point_cloud_directed_hausdorff
robotarm_dim_scaling,uniform,3,6,1000,108731,0.100075174038,1.0,0.1,0.1,"adaptive_inverse_dynamics_tracking(kp=0.01,kd=0.005,lambda=0.02,gamma=0,sigma=0.05,tau_limit=100)",Hausdorff Distance,point_cloud_directed_hausdorff
robotarm_dim_scaling,uniform,3,6,1000,108831,0.0935547678936,1.0,0.1,0.1,"adaptive_inverse_dynamics_tracking(kp=0.01,kd=0.005,lambda=0.02,gamma=0,sigma=0.05,tau_limit=100)",Hausdorff Distance,point_cloud_directed_hausdorff
robotarm_dim_scaling,uniform,3,6,1000,108931,0.112847822107,1.0,0.1,0.1,"adaptive_inverse_dynamics_tracking(kp=0.01,kd=0.005,lambda=0.02,gamma=0,sigma=0.05,tau_limit=100)",Hausdorff Distance,point_cloud_directed_hausdorff
robotarm_dim_scaling,uniform,3,6,1000,109031,0.0963103485165,1.0,0.1,0.1,"adaptive_inverse_dynamics_tracking(kp=0.01,kd=0.005,lambda=0.02,gamma=0,sigma=0.05,tau_limit=100)",Hausdorff Distance,point_cloud_directed_hausdorff
robotarm_dim_scaling,uniform,3,6,1000,109131,0.094013483238,1.0,0.1,0.1,"adaptive_inverse_dynamics_tracking(kp=0.01,kd=0.005,lambda=0.02,gamma=0,sigma=0.05,tau_limit=100)",Hausdorff Distance,point_cloud_directed_hausdorff
robotarm_dim_scaling,uniform,3,6,1000,109231,0.0913718620562,1.0,0.1,0.1,"adaptive_inverse_dynamics_tracking(kp=0.01,kd=0.005,lambda=0.02,gamma=0,sigma=0.05,tau_limit=100)",Hausdorff Distance,point_cloud_directed_hausdorff
robotarm_dim_scaling,uniform,3,6,1000,109331,0.0901684731822,1.0,0.1,0.1,"adaptive_inverse_dynamics_tracking(kp=0.01,kd=0.005,lambda=0.02,gamma=0,sigma=0.05,tau_limit=100)",Hausdorff Distance,point_cloud_directed_hausdorff
robotarm_dim_scaling,uniform,3,6,1000,109431,0.091105325935,1.0,0.1,0.1,"adaptive_inverse_dynamics_tracking(kp=0.01,kd=0.005,lambda=0.02,gamma=0,sigma=0.05,tau_limit=100)",Hausdorff Distance,point_cloud_directed_hausdorff
robotarm_dim_scaling,uniform,3,6,3000,110531,0.0839161367458,1.0,0.1,0.1,"adaptive_inverse_dynamics_tracking(kp=0.01,kd=0.005,lambda=0.02,gamma=0,sigma=0.05,tau_limit=100)",Hausdorff Distance,point_cloud_directed_hausdorff
robotarm_dim_scaling,uniform,3,6,3000,110631,0.098860000954,1.0,0.1,0.1,"adaptive_inverse_dynamics_tracking(kp=0.01,kd=0.005,lambda=0.02,gamma=0,sigma=0.05,tau_limit=100)",Hausdorff Distance,point_cloud_directed_hausdorff
robotarm_dim_scaling,uniform,3,6,3000,110731,0.0716080040389,1.0,0.1,0.1,"adaptive_inverse_dynamics_tracking(kp=0.01,kd=0.005,lambda=0.02,gamma=0,sigma=0.05,tau_limit=100)",Hausdorff Distance,point_cloud_directed_hausdorff
robotarm_dim_scaling,uniform,3,6,3000,110831,0.0736272800671,1.0,0.1,0.1,"adaptive_inverse_dynamics_tracking(kp=0.01,kd=0.005,lambda=0.02,gamma=0,sigma=0.05,tau_limit=100)",Hausdorff Distance,point_cloud_directed_hausdorff
robotarm_dim_scaling,uniform,3,6,3000,110931,0.0735204022548,1.0,0.1,0.1,"adaptive_inverse_dynamics_tracking(kp=0.01,kd=0.005,lambda=0.02,gamma=0,sigma=0.05,tau_limit=100)",Hausdorff Distance,point_cloud_directed_hausdorff
robotarm_dim_scaling,uniform,3,6,3000,111031,0.0704512882116,1.0,0.1,0.1,"adaptive_inverse_dynamics_tracking(kp=0.01,kd=0.005,lambda=0.02,gamma=0,sigma=0.05,tau_limit=100)",Hausdorff Distance,point_cloud_directed_hausdorff
robotarm_dim_scaling,uniform,3,6,3000,111131,0.0793464869544,1.0,0.1,0.1,"adaptive_inverse_dynamics_tracking(kp=0.01,kd=0.005,lambda=0.02,gamma=0,sigma=0.05,tau_limit=100)",Hausdorff Distance,point_cloud_directed_hausdorff
robotarm_dim_scaling,uniform,3,6,3000,111231,0.0823389609162,1.0,0.1,0.1,"adaptive_inverse_dynamics_tracking(kp=0.01,kd=0.005,lambda=0.02,gamma=0,sigma=0.05,tau_limit=100)",Hausdorff Distance,point_cloud_directed_hausdorff
robotarm_dim_scaling,uniform,3,6,3000,111331,0.0777051023771,1.0,0.1,0.1,"adaptive_inverse_dynamics_tracking(kp=0.01,kd=0.005,lambda=0.02,gamma=0,sigma=0.05,tau_limit=100)",Hausdorff Distance,point_cloud_directed_hausdorff
robotarm_dim_scaling,uniform,3,6,3000,111431,0.0749129313939,1.0,0.1,0.1,"adaptive_inverse_dynamics_tracking(kp=0.01,kd=0.005,lambda=0.02,gamma=0,sigma=0.05,tau_limit=100)",Hausdorff Distance,point_cloud_directed_hausdorff
