n,state_dim,N,uniform_mean,adversarial_mean,absolute_improvement,relative_improvement_percent
2,4,1,0.3501992542804,0.3619251425217999,-0.011725888241399918,-3.348347575866381
2,4,3,0.2856806797495,0.2620521860993,0.023628493650200033,8.270945613444617
2,4,10,0.2001048054289,0.1645113782767,0.035593427152199986,17.78739249960033
2,4,30,0.14098395303710004,0.10452826084719999,0.03645569218990005,25.85804370253876
2,4,100,0.10803736980041001,0.06836067408773,0.03967669571268001,36.72497376230038
2,4,300,0.07912058954850999,0.0473896303168,0.031730959231709994,40.104553584317365
2,4,1000,0.054817476038589996,0.03225157918328,0.02256589685531,41.16551597418354
2,4,3000,0.036773465072919995,0.022399741025539998,0.014373724047379997,39.087216880099824
3,6,1,0.4183131709745,0.4182795679331,3.360304139998771e-05,0.008032986702691253
3,6,3,0.3224590778687,0.33819018817099994,-0.015731110302299955,-4.8784826919046775
3,6,10,0.247857727445,0.23564810644009998,0.012209621004900029,4.926060256729079
3,6,30,0.2077513327204,0.1703368062309,0.0374145264895,18.00928350233688
3,6,100,0.1527967695836,0.12116492334440002,0.031631846239199984,20.701907720564204
3,6,300,0.12111402049550002,0.09041705783405,0.030696962661450014,25.345507098074215
3,6,1000,0.09625243138386,0.06725879492743,0.028993636456429994,30.12249772766963
3,6,3000,0.07862865939138,0.05067005693055,0.027958602460829998,35.55777585074162
4,8,1,0.4567418177833999,0.46654958379370004,-0.009807766010300145,-2.147332612962378
4,8,3,0.3631941185182,0.3757791968787,-0.01258507836049999,-3.46511072697047
4,8,10,0.29158266962130003,0.290500301371,0.0010823682503000032,0.3712045889784036
4,8,30,0.2436089102964,0.2186262065524,0.024982703743999995,10.255250398519264
4,8,100,0.20465165101369998,0.1660949261734,0.03855672484029998,18.840172873913872
4,8,300,0.17853501612710002,0.1322996618739,0.04623535425320002,25.897079047106832
4,8,1000,0.13898667880059998,0.1019067680324,0.03707991076819998,26.67875158121982
4,8,3000,0.11601968159,0.08053679752815,0.035482884061850004,30.583504087903265
