method,n,state_dim,N,seed,error,metric
uniform,2,4,1,97532,0.3124718202749718,convex_hull
uniform,2,4,1,97632,0.348144056826106,convex_hull
uniform,2,4,1,97732,0.3774606969955228,convex_hull
uniform,2,4,1,97832,0.26771925407278635,convex_hull
uniform,2,4,1,97932,0.41692439279377813,convex_hull
uniform,2,4,1,98032,0.34210247270395133,convex_hull
uniform,2,4,1,98132,0.43797304721826885,convex_hull
uniform,2,4,1,98232,0.3101578264140115,convex_hull
uniform,2,4,1,98332,0.3431113047171247,convex_hull
uniform,2,4,1,98432,0.3459276707870049,convex_hull
uniform,2,4,1,98532,0.4191345449485399,convex_hull
uniform,2,4,1,98632,0.387131324263169,convex_hull
uniform,2,4,1,98732,0.3620913846492137,convex_hull
uniform,2,4,1,98832,0.2915435995312026,convex_hull
uniform,2,4,1,98932,0.32587992547539885,convex_hull
uniform,2,4,1,99032,0.3595252470764428,convex_hull
uniform,2,4,1,99132,0.3595772224489806,convex_hull
uniform,2,4,1,99232,0.34208114793802097,convex_hull
uniform,2,4,1,99332,0.36319573442885955,convex_hull
uniform,2,4,1,99432,0.29702158699535114,convex_hull
uniform,2,4,1,99532,0.4330613745796084,convex_hull
uniform,2,4,1,99632,0.3304232786339738,convex_hull
uniform,2,4,1,99732,0.36309326777742507,convex_hull
uniform,2,4,1,99832,0.43606204163036033,convex_hull
uniform,2,4,1,99932,0.4042361290482863,convex_hull
uniform,2,4,1,100032,0.38931341568197836,convex_hull
uniform,2,4,1,100132,0.4237122359561086,convex_hull
uniform,2,4,1,100232,0.3473661024484895,convex_hull
uniform,2,4,1,100332,0.2850989914535234,convex_hull
uniform,2,4,1,100432,0.4107167221049563,convex_hull
uniform,2,4,3,97534,0.2544870033595415,convex_hull
uniform,2,4,3,97634,0.2600577526442597,convex_hull
uniform,2,4,3,97734,0.23791537184659095,convex_hull
uniform,2,4,3,97834,0.2403412702678606,convex_hull
uniform,2,4,3,97934,0.3322453313035773,convex_hull
uniform,2,4,3,98034,0.28303711299810047,convex_hull
uniform,2,4,3,98134,0.27597999400014633,convex_hull
uniform,2,4,3,98234,0.30832087250369944,convex_hull
uniform,2,4,3,98334,0.2455641635660309,convex_hull
uniform,2,4,3,98434,0.24979576180740368,convex_hull
uniform,2,4,3,98534,0.29413506476961443,convex_hull
uniform,2,4,3,98634,0.31679269496794493,convex_hull
uniform,2,4,3,98734,0.3479967800335681,convex_hull
uniform,2,4,3,98834,0.23920484894352143,convex_hull
uniform,2,4,3,98934,0.288042189242878,convex_hull
uniform,2,4,3,99034,0.2247871553453645,convex_hull
uniform,2,4,3,99134,0.23535341930303255,convex_hull
uniform,2,4,3,99234,0.2768464578056272,convex_hull
uniform,2,4,3,99334,0.2388319093978541,convex_hull
uniform,2,4,3,99434,0.27183538654600176,convex_hull
uniform,2,4,3,99534,0.2885721765620095,convex_hull
uniform,2,4,3,99634,0.23817375347535732,convex_hull
uniform,2,4,3,99734,0.2528627559316973,convex_hull
uniform,2,4,3,99834,0.33350745833440804,convex_hull
uniform,2,4,3,99934,0.2768346854077552,convex_hull
uniform,2,4,3,100034,0.2704089495246574,convex_hull
uniform,2,4,3,100134,0.2856303506740552,convex_hull
uniform,2,4,3,100234,0.2552936271998785,convex_hull
uniform,2,4,3,100334,0.19499351744296145,convex_hull
uniform,2,4,3,100434,0.2152592596314666,convex_hull
uniform,2,4,10,97541,0.1780491063780353,convex_hull
uniform,2,4,10,97641,0.2169381335206722,convex_hull
uniform,2,4,10,97741,0.2080220611070037,convex_hull
uniform,2,4,10,97841,0.21211024803139514,convex_hull
uniform,2,4,10,97941,0.14682650313840276,convex_hull
uniform,2,4,10,98041,0.2014072018266144,convex_hull
uniform,2,4,10,98141,0.22711593275228897,convex_hull
uniform,2,4,10,98241,0.15782282516031462,convex_hull
uniform,2,4,10,98341,0.1381534425744211,convex_hull
uniform,2,4,10,98441,0.1868719366987001,convex_hull
uniform,2,4,10,98541,0.1955545911179931,convex_hull
uniform,2,4,10,98641,0.17637164623208504,convex_hull
uniform,2,4,10,98741,0.16614938040530458,convex_hull
uniform,2,4,10,98841,0.2335020915976349,convex_hull
uniform,2,4,10,98941,0.20362424033690008,convex_hull
uniform,2,4,10,99041,0.17623398154826653,convex_hull
uniform,2,4,10,99141,0.17194390817895383,convex_hull
uniform,2,4,10,99241,0.17257339197072388,convex_hull
uniform,2,4,10,99341,0.19396571737204546,convex_hull
uniform,2,4,10,99441,0.22350686635394904,convex_hull
uniform,2,4,10,99541,0.21842628780148945,convex_hull
uniform,2,4,10,99641,0.22307079824209075,convex_hull
uniform,2,4,10,99741,0.1643170792446608,convex_hull
uniform,2,4,10,99841,0.21538583858729385,convex_hull
uniform,2,4,10,99941,0.17459457158866076,convex_hull
uniform,2,4,10,100041,0.17629253060033298,convex_hull
uniform,2,4,10,100141,0.16576061227956923,convex_hull
uniform,2,4,10,100241,0.21736966683599399,convex_hull
uniform,2,4,10,100341,0.1980232534229675,convex_hull
uniform,2,4,10,100441,0.15931820125453236,convex_hull
uniform,2,4,30,97561,0.12697164822499313,convex_hull
uniform,2,4,30,97661,0.10672207135946289,convex_hull
uniform,2,4,30,97761,0.10064095790722205,convex_hull
uniform,2,4,30,97861,0.13009164406432142,convex_hull
uniform,2,4,30,97961,0.11471271693929609,convex_hull
uniform,2,4,30,98061,0.11525801263195205,convex_hull
uniform,2,4,30,98161,0.11810854598443307,convex_hull
uniform,2,4,30,98261,0.14282048150875581,convex_hull
uniform,2,4,30,98361,0.15430183738669626,convex_hull
uniform,2,4,30,98461,0.11314010450908973,convex_hull
uniform,2,4,30,98561,0.15513411244777497,convex_hull
uniform,2,4,30,98661,0.1192023605462774,convex_hull
uniform,2,4,30,98761,0.09744815545229028,convex_hull
uniform,2,4,30,98861,0.1354111256400609,convex_hull
uniform,2,4,30,98961,0.14138125349912276,convex_hull
uniform,2,4,30,99061,0.13887073099420727,convex_hull
uniform,2,4,30,99161,0.11930093220929837,convex_hull
uniform,2,4,30,99261,0.17493569121638258,convex_hull
uniform,2,4,30,99361,0.1331631890309368,convex_hull
uniform,2,4,30,99461,0.1400948154545581,convex_hull
uniform,2,4,30,99561,0.1744583360670982,convex_hull
uniform,2,4,30,99661,0.12316550995389723,convex_hull
uniform,2,4,30,99761,0.13531864767416707,convex_hull
uniform,2,4,30,99861,0.13098431541431935,convex_hull
uniform,2,4,30,99961,0.10656707278470468,convex_hull
uniform,2,4,30,100061,0.1298979595019495,convex_hull
uniform,2,4,30,100161,0.12849123296880946,convex_hull
uniform,2,4,30,100261,0.14134260661583586,convex_hull
uniform,2,4,30,100361,0.1590322258722639,convex_hull
uniform,2,4,30,100461,0.18186747947242965,convex_hull
uniform,2,4,100,97631,0.08642099169322211,convex_hull
uniform,2,4,100,97731,0.09224980170237623,convex_hull
uniform,2,4,100,97831,0.0815614192304558,convex_hull
uniform,2,4,100,97931,0.12813057630068053,convex_hull
uniform,2,4,100,98031,0.108407797714835,convex_hull
uniform,2,4,100,98131,0.10171454902764349,convex_hull
uniform,2,4,100,98231,0.08653334783475278,convex_hull
uniform,2,4,100,98331,0.10985019812664684,convex_hull
uniform,2,4,100,98431,0.0741510489040593,convex_hull
uniform,2,4,100,98531,0.06995442889770548,convex_hull
uniform,2,4,100,98631,0.08214292466417625,convex_hull
uniform,2,4,100,98731,0.07741540532459987,convex_hull
uniform,2,4,100,98831,0.07674461634460622,convex_hull
uniform,2,4,100,98931,0.07485836442777032,convex_hull
uniform,2,4,100,99031,0.07926415046003515,convex_hull
uniform,2,4,100,99131,0.08600093831757216,convex_hull
uniform,2,4,100,99231,0.0936946530859154,convex_hull
uniform,2,4,100,99331,0.07332463029354519,convex_hull
uniform,2,4,100,99431,0.08699849014427286,convex_hull
uniform,2,4,100,99531,0.06672978036986757,convex_hull
uniform,2,4,100,99631,0.10086170375484244,convex_hull
uniform,2,4,100,99731,0.08230870065750255,convex_hull
uniform,2,4,100,99831,0.09792078537070951,convex_hull
uniform,2,4,100,99931,0.1327440650839227,convex_hull
uniform,2,4,100,100031,0.10098703415089785,convex_hull
uniform,2,4,100,100131,0.10106888927507532,convex_hull
uniform,2,4,100,100231,0.08786584778211254,convex_hull
uniform,2,4,100,100331,0.09354439190778972,convex_hull
uniform,2,4,100,100431,0.11848518204622548,convex_hull
uniform,2,4,100,100531,0.1003332117685187,convex_hull
uniform,2,4,300,97831,0.05918443919129995,convex_hull
uniform,2,4,300,97931,0.07283483062228958,convex_hull
uniform,2,4,300,98031,0.08883332884905214,convex_hull
uniform,2,4,300,98131,0.06449735129131963,convex_hull
uniform,2,4,300,98231,0.08129094837955247,convex_hull
uniform,2,4,300,98331,0.06520133198739149,convex_hull
uniform,2,4,300,98431,0.060303048440840896,convex_hull
uniform,2,4,300,98531,0.08729909985452028,convex_hull
uniform,2,4,300,98631,0.059390263942709916,convex_hull
uniform,2,4,300,98731,0.0525921427830256,convex_hull
uniform,2,4,300,98831,0.05826874814267316,convex_hull
uniform,2,4,300,98931,0.04095969907028373,convex_hull
uniform,2,4,300,99031,0.07864122593194346,convex_hull
uniform,2,4,300,99131,0.06389341563950984,convex_hull
uniform,2,4,300,99231,0.05577196252105687,convex_hull
uniform,2,4,300,99331,0.05934822736960768,convex_hull
uniform,2,4,300,99431,0.05362475244401137,convex_hull
uniform,2,4,300,99531,0.07153525976703773,convex_hull
uniform,2,4,300,99631,0.060659733494669764,convex_hull
uniform,2,4,300,99731,0.07563835153670229,convex_hull
uniform,2,4,300,99831,0.0424067928243431,convex_hull
uniform,2,4,300,99931,0.04581296807672323,convex_hull
uniform,2,4,300,100031,0.05772981827929088,convex_hull
uniform,2,4,300,100131,0.04420613455954654,convex_hull
uniform,2,4,300,100231,0.06841376144127753,convex_hull
uniform,2,4,300,100331,0.054497711581607294,convex_hull
uniform,2,4,300,100431,0.07939556484859475,convex_hull
uniform,2,4,300,100531,0.0550719794337383,convex_hull
uniform,2,4,300,100631,0.053116620058645626,convex_hull
uniform,2,4,300,100731,0.0661770174426959,convex_hull
uniform,2,4,1000,98531,0.05027871824175553,convex_hull
uniform,2,4,1000,98631,0.02828745201719303,convex_hull
uniform,2,4,1000,98731,0.03959807833873025,convex_hull
uniform,2,4,1000,98831,0.027100860672329016,convex_hull
uniform,2,4,1000,98931,0.03294645712809726,convex_hull
uniform,2,4,1000,99031,0.031332081379547135,convex_hull
uniform,2,4,1000,99131,0.04010940011283071,convex_hull
uniform,2,4,1000,99231,0.04071803626775121,convex_hull
uniform,2,4,1000,99331,0.03829157829734362,convex_hull
uniform,2,4,1000,99431,0.057134332616315626,convex_hull
uniform,2,4,1000,99531,0.049013189836336395,convex_hull
uniform,2,4,1000,99631,0.032900784024736306,convex_hull
uniform,2,4,1000,99731,0.028354222953129945,convex_hull
uniform,2,4,1000,99831,0.03128178453826262,convex_hull
uniform,2,4,1000,99931,0.024928349348012288,convex_hull
uniform,2,4,1000,100031,0.039003454840669444,convex_hull
uniform,2,4,1000,100131,0.03387785501402824,convex_hull
uniform,2,4,1000,100231,0.04588839236098366,convex_hull
uniform,2,4,1000,100331,0.0249163787644139,convex_hull
uniform,2,4,1000,100431,0.0454295894669731,convex_hull
uniform,2,4,1000,100531,0.028902131082725897,convex_hull
uniform,2,4,1000,100631,0.04929922770913257,convex_hull
uniform,2,4,1000,100731,0.03920488180150817,convex_hull
uniform,2,4,1000,100831,0.05209763582530813,convex_hull
uniform,2,4,1000,100931,0.03300306512431191,convex_hull
uniform,2,4,1000,101031,0.03751486397622245,convex_hull
uniform,2,4,1000,101131,0.03051056500781124,convex_hull
uniform,2,4,1000,101231,0.03651755285861447,convex_hull
uniform,2,4,1000,101331,0.04567741024576419,convex_hull
uniform,2,4,1000,101431,0.03490122958583625,convex_hull
uniform,2,4,3000,100531,0.025229345373259715,convex_hull
uniform,2,4,3000,100631,0.025090185700335402,convex_hull
uniform,2,4,3000,100731,0.021863596142207033,convex_hull
uniform,2,4,3000,100831,0.023186715527891956,convex_hull
uniform,2,4,3000,100931,0.01889709214830001,convex_hull
uniform,2,4,3000,101031,0.0165120224830965,convex_hull
uniform,2,4,3000,101131,0.02748208347643981,convex_hull
uniform,2,4,3000,101231,0.017191749451491756,convex_hull
uniform,2,4,3000,101331,0.03259653615939339,convex_hull
uniform,2,4,3000,101431,0.0206747694258737,convex_hull
uniform,2,4,3000,101531,0.02309329497500898,convex_hull
uniform,2,4,3000,101631,0.025268083593371717,convex_hull
uniform,2,4,3000,101731,0.029606001440325044,convex_hull
uniform,2,4,3000,101831,0.024911747586121354,convex_hull
uniform,2,4,3000,101931,0.04696198944463609,convex_hull
uniform,2,4,3000,102031,0.024791157525140786,convex_hull
uniform,2,4,3000,102131,0.02211625698743186,convex_hull
uniform,2,4,3000,102231,0.025234027190104508,convex_hull
uniform,2,4,3000,102331,0.025718184554520202,convex_hull
uniform,2,4,3000,102431,0.02119247890630191,convex_hull
uniform,2,4,3000,102531,0.02973940148752578,convex_hull
uniform,2,4,3000,102631,0.026280907042604718,convex_hull
uniform,2,4,3000,102731,0.024983795651201762,convex_hull
uniform,2,4,3000,102831,0.02924405056135392,convex_hull
uniform,2,4,3000,102931,0.03217910988117967,convex_hull
uniform,2,4,3000,103031,0.026672811508763085,convex_hull
uniform,2,4,3000,103131,0.020321004953707575,convex_hull
uniform,2,4,3000,103231,0.021477660640245724,convex_hull
uniform,2,4,3000,103331,0.023175645450262506,convex_hull
uniform,2,4,3000,103431,0.022416029036700143,convex_hull
adversarial,2,4,1,597532,0.3279593378269634,convex_hull
adversarial,2,4,3,597534,0.2725611749831333,convex_hull
adversarial,2,4,10,597541,0.1883422042063054,convex_hull
adversarial,2,4,30,597561,0.17664204575166978,convex_hull
adversarial,2,4,100,597631,0.11724432794279133,convex_hull
adversarial,2,4,300,597831,0.056359109497670506,convex_hull
adversarial,2,4,1000,598531,0.05370749652322164,convex_hull
adversarial,2,4,3000,600531,0.010205102767199282,convex_hull
adversarial,2,4,1,597632,0.34877379830705724,convex_hull
adversarial,2,4,3,597634,0.2584500995290281,convex_hull
adversarial,2,4,10,597641,0.17510283692987072,convex_hull
adversarial,2,4,30,597661,0.1248157782051117,convex_hull
adversarial,2,4,100,597731,0.08741768912344379,convex_hull
adversarial,2,4,300,597931,0.05134767043689602,convex_hull
adversarial,2,4,1000,598631,0.016179503691614208,convex_hull
adversarial,2,4,3000,600631,0.005114360563323315,convex_hull
adversarial,2,4,1,597732,0.38866311844991164,convex_hull
adversarial,2,4,3,597734,0.2717714351205781,convex_hull
adversarial,2,4,10,597741,0.176011283129213,convex_hull
adversarial,2,4,30,597761,0.10371296073096965,convex_hull
adversarial,2,4,100,597831,0.0989588984316841,convex_hull
adversarial,2,4,300,598031,0.05210739926720089,convex_hull
adversarial,2,4,1000,598731,0.04115389889291612,convex_hull
adversarial,2,4,3000,600731,0.011918597096935234,convex_hull
adversarial,2,4,1,597832,0.3154842056392682,convex_hull
adversarial,2,4,3,597834,0.259364815567629,convex_hull
adversarial,2,4,10,597841,0.2136163000588609,convex_hull
adversarial,2,4,30,597861,0.15885465945388896,convex_hull
adversarial,2,4,100,597931,0.1018600975826676,convex_hull
adversarial,2,4,300,598131,0.056037961833106456,convex_hull
adversarial,2,4,1000,598831,0.02745170465370556,convex_hull
adversarial,2,4,3000,600831,0.020324301459115353,convex_hull
adversarial,2,4,1,597932,0.3586169409457338,convex_hull
adversarial,2,4,3,597934,0.32841036655432176,convex_hull
adversarial,2,4,10,597941,0.24303199608682782,convex_hull
adversarial,2,4,30,597961,0.14596572347198034,convex_hull
adversarial,2,4,100,598031,0.08135233523969748,convex_hull
adversarial,2,4,300,598231,0.04602942682195467,convex_hull
adversarial,2,4,1000,598931,0.020004838178430843,convex_hull
adversarial,2,4,3000,600931,0.010742149987583214,convex_hull
adversarial,2,4,1,598032,0.3404410655030762,convex_hull
adversarial,2,4,3,598034,0.3212604081323359,convex_hull
adversarial,2,4,10,598041,0.20102537699655107,convex_hull
adversarial,2,4,30,598061,0.1461819007512618,convex_hull
adversarial,2,4,100,598131,0.09939228054097589,convex_hull
adversarial,2,4,300,598331,0.066878427325337,convex_hull
adversarial,2,4,1000,599031,0.00810930018263773,convex_hull
adversarial,2,4,3000,601031,0.011673087294053138,convex_hull
adversarial,2,4,1,598132,0.331556089318439,convex_hull
adversarial,2,4,3,598134,0.36033609213357115,convex_hull
adversarial,2,4,10,598141,0.20528033797504566,convex_hull
adversarial,2,4,30,598161,0.15950585220024105,convex_hull
adversarial,2,4,100,598231,0.07885386730430712,convex_hull
adversarial,2,4,300,598431,0.04003669558355884,convex_hull
adversarial,2,4,1000,599131,0.03059007736926333,convex_hull
adversarial,2,4,3000,601131,0.0049717892014739026,convex_hull
adversarial,2,4,1,598232,0.3198738801102645,convex_hull
adversarial,2,4,3,598234,0.26561566706747797,convex_hull
adversarial,2,4,10,598241,0.23763357792509113,convex_hull
adversarial,2,4,30,598261,0.1339298021153529,convex_hull
adversarial,2,4,100,598331,0.07414048562209814,convex_hull
adversarial,2,4,300,598531,0.06928721094056393,convex_hull
adversarial,2,4,1000,599231,0.026756535979735742,convex_hull
adversarial,2,4,3000,601231,0.012194156743111698,convex_hull
adversarial,2,4,1,598332,0.3146027748058068,convex_hull
adversarial,2,4,3,598334,0.35347012984173776,convex_hull
adversarial,2,4,10,598341,0.1879427963235559,convex_hull
adversarial,2,4,30,598361,0.1035375224371598,convex_hull
adversarial,2,4,100,598431,0.11942287104873892,convex_hull
adversarial,2,4,300,598631,0.05574186204269014,convex_hull
adversarial,2,4,1000,599331,0.0362082741005069,convex_hull
adversarial,2,4,3000,601331,0.015437548756608783,convex_hull
adversarial,2,4,1,598432,0.35798539866067375,convex_hull
adversarial,2,4,3,598434,0.3341908451576169,convex_hull
adversarial,2,4,10,598441,0.21109820448270303,convex_hull
adversarial,2,4,30,598461,0.151116465924064,convex_hull
adversarial,2,4,100,598531,0.10285970474501661,convex_hull
adversarial,2,4,300,598731,0.06600331755090702,convex_hull
adversarial,2,4,1000,599431,0.017341606015607417,convex_hull
adversarial,2,4,3000,601431,0.0024634623478276304,convex_hull
adversarial,2,4,1,598532,0.42418062185417643,convex_hull
adversarial,2,4,3,598534,0.2497066504391348,convex_hull
adversarial,2,4,10,598541,0.1793092221401101,convex_hull
adversarial,2,4,30,598561,0.14004770708737976,convex_hull
adversarial,2,4,100,598631,0.07743811064813348,convex_hull
adversarial,2,4,300,598831,0.0498005536920787,convex_hull
adversarial,2,4,1000,599531,0.028563099315406237,convex_hull
adversarial,2,4,3000,601531,0.014440240462798015,convex_hull
adversarial,2,4,1,598632,0.330175980631471,convex_hull
adversarial,2,4,3,598634,0.2601155038083244,convex_hull
adversarial,2,4,10,598641,0.17000096617155241,convex_hull
adversarial,2,4,30,598661,0.14416644372643841,convex_hull
adversarial,2,4,100,598731,0.11954167826649632,convex_hull
adversarial,2,4,300,598931,0.06915962386523707,convex_hull
adversarial,2,4,1000,599631,0.022629813795002778,convex_hull
adversarial,2,4,3000,601631,0.011389918890134954,convex_hull
adversarial,2,4,1,598732,0.3339522686231047,convex_hull
adversarial,2,4,3,598734,0.3488289965109144,convex_hull
adversarial,2,4,10,598741,0.2056619019241865,convex_hull
adversarial,2,4,30,598761,0.18763169321289958,convex_hull
adversarial,2,4,100,598831,0.07805674994486847,convex_hull
adversarial,2,4,300,599031,0.055932356454860416,convex_hull
adversarial,2,4,1000,599731,0.016884783591865227,convex_hull
adversarial,2,4,3000,601731,0.005365536394542075,convex_hull
adversarial,2,4,1,598832,0.39553959601607813,convex_hull
adversarial,2,4,3,598834,0.28972926438812213,convex_hull
adversarial,2,4,10,598841,0.2682102541396711,convex_hull
adversarial,2,4,30,598861,0.11950089792846605,convex_hull
adversarial,2,4,100,598931,0.08509749114722807,convex_hull
adversarial,2,4,300,599131,0.04831854388763047,convex_hull
adversarial,2,4,1000,599831,0.03619512451120357,convex_hull
adversarial,2,4,3000,601831,0.010739068525188515,convex_hull
adversarial,2,4,1,598932,0.30762550596617755,convex_hull
adversarial,2,4,3,598934,0.29214450397446023,convex_hull
adversarial,2,4,10,598941,0.17856367492918196,convex_hull
adversarial,2,4,30,598961,0.1573007498901825,convex_hull
adversarial,2,4,100,599031,0.09544622750138723,convex_hull
adversarial,2,4,300,599231,0.07145497903947422,convex_hull
adversarial,2,4,1000,599931,0.023006998188807876,convex_hull
adversarial,2,4,3000,601931,0.015640405410799123,convex_hull
adversarial,2,4,1,599032,0.34464353409458715,convex_hull
adversarial,2,4,3,599034,0.2646476532377818,convex_hull
adversarial,2,4,10,599041,0.2384470271552584,convex_hull
adversarial,2,4,30,599061,0.11536507798628073,convex_hull
adversarial,2,4,100,599131,0.11377100739363046,convex_hull
adversarial,2,4,300,599331,0.047377160861964335,convex_hull
adversarial,2,4,1000,600031,0.03506259712851794,convex_hull
adversarial,2,4,3000,602031,0.0077120889013574945,convex_hull
adversarial,2,4,1,599132,0.34440003801620594,convex_hull
adversarial,2,4,3,599134,0.3026667548961402,convex_hull
adversarial,2,4,10,599141,0.21734351004742394,convex_hull
adversarial,2,4,30,599161,0.13236455683751341,convex_hull
adversarial,2,4,100,599231,0.08435773796244497,convex_hull
adversarial,2,4,300,599431,0.053493746723206614,convex_hull
adversarial,2,4,1000,600131,0.027286758589892556,convex_hull
adversarial,2,4,3000,602131,0.01235761201435698,convex_hull
adversarial,2,4,1,599232,0.3398686694411139,convex_hull
adversarial,2,4,3,599234,0.2650027527328899,convex_hull
adversarial,2,4,10,599241,0.17590494018616806,convex_hull
adversarial,2,4,30,599261,0.11504570524642309,convex_hull
adversarial,2,4,100,599331,0.10252832645675766,convex_hull
adversarial,2,4,300,599531,0.04478317371774617,convex_hull
adversarial,2,4,1000,600231,0.03529573918750643,convex_hull
adversarial,2,4,3000,602231,0.012744142100524807,convex_hull
adversarial,2,4,1,599332,0.44867597691084893,convex_hull
adversarial,2,4,3,599334,0.40211974452373855,convex_hull
adversarial,2,4,10,599341,0.16532624315745997,convex_hull
adversarial,2,4,30,599361,0.11176083280404188,convex_hull
adversarial,2,4,100,599431,0.0877135452032368,convex_hull
adversarial,2,4,300,599631,0.03959104282437051,convex_hull
adversarial,2,4,1000,600331,0.023188363178363466,convex_hull
adversarial,2,4,3000,602331,0.00820653850067025,convex_hull
adversarial,2,4,1,599432,0.3349758836569854,convex_hull
adversarial,2,4,3,599434,0.23947561036918855,convex_hull
adversarial,2,4,10,599441,0.2349185128689283,convex_hull
adversarial,2,4,30,599461,0.12099287553042849,convex_hull
adversarial,2,4,100,599531,0.10379905459270906,convex_hull
adversarial,2,4,300,599731,0.05784333636295136,convex_hull
adversarial,2,4,1000,600431,0.043019471594503145,convex_hull
adversarial,2,4,3000,602431,0.016126463092765383,convex_hull
adversarial,2,4,1,599532,0.36854685057858977,convex_hull
adversarial,2,4,3,599534,0.22795701842155486,convex_hull
adversarial,2,4,10,599541,0.2191121098566195,convex_hull
adversarial,2,4,30,599561,0.16513162846994733,convex_hull
adversarial,2,4,100,599631,0.07064501524236691,convex_hull
adversarial,2,4,300,599831,0.046416986176932185,convex_hull
adversarial,2,4,1000,600531,0.036162995342941325,convex_hull
adversarial,2,4,3000,602531,0.00456375897653191,convex_hull
adversarial,2,4,1,599632,0.4566382007620585,convex_hull
adversarial,2,4,3,599634,0.32118367907779094,convex_hull
adversarial,2,4,10,599641,0.18209127962329663,convex_hull
adversarial,2,4,30,599661,0.13230238199495883,convex_hull
adversarial,2,4,100,599731,0.06264897330125704,convex_hull
adversarial,2,4,300,599931,0.05954636875278972,convex_hull
adversarial,2,4,1000,600631,0.02585465286827064,convex_hull
adversarial,2,4,3000,602631,0.008267557872996881,convex_hull
adversarial,2,4,1,599732,0.44377255994128284,convex_hull
adversarial,2,4,3,599734,0.23064625615420636,convex_hull
adversarial,2,4,10,599741,0.22456115619006478,convex_hull
adversarial,2,4,30,599761,0.1323103690852474,convex_hull
adversarial,2,4,100,599831,0.06706152749065993,convex_hull
adversarial,2,4,300,600031,0.04033823169938859,convex_hull
adversarial,2,4,1000,600731,0.04441064784566038,convex_hull
adversarial,2,4,3000,602731,0.006916644388312412,convex_hull
adversarial,2,4,1,599832,0.42658503047937396,convex_hull
adversarial,2,4,3,599834,0.3322764589928373,convex_hull
adversarial,2,4,10,599841,0.24797379814220472,convex_hull
adversarial,2,4,30,599861,0.14077998873010703,convex_hull
adversarial,2,4,100,599931,0.08314510719774218,convex_hull
adversarial,2,4,300,600131,0.05000179632656437,convex_hull
adversarial,2,4,1000,600831,0.02361420435405981,convex_hull
adversarial,2,4,3000,602831,0.013503572442950012,convex_hull
adversarial,2,4,1,599932,0.2903451712019202,convex_hull
adversarial,2,4,3,599934,0.3128644738470736,convex_hull
adversarial,2,4,10,599941,0.16999078292926348,convex_hull
adversarial,2,4,30,599961,0.13966753370254303,convex_hull
adversarial,2,4,100,600031,0.08112200268216087,convex_hull
adversarial,2,4,300,600231,0.05071446203678703,convex_hull
adversarial,2,4,1000,600931,0.012684101415254662,convex_hull
adversarial,2,4,3000,602931,0.017079301609491494,convex_hull
adversarial,2,4,1,600032,0.33760037069505977,convex_hull
adversarial,2,4,3,600034,0.28261164608570244,convex_hull
adversarial,2,4,10,600041,0.18842776829482508,convex_hull
adversarial,2,4,30,600061,0.16978078518033476,convex_hull
adversarial,2,4,100,600131,0.10530466412194714,convex_hull
adversarial,2,4,300,600331,0.04747951115477907,convex_hull
adversarial,2,4,1000,601031,0.024550346785625288,convex_hull
adversarial,2,4,3000,603031,0.01327877639664334,convex_hull
adversarial,2,4,1,600132,0.34245875193945535,convex_hull
adversarial,2,4,3,600134,0.29064382102379,convex_hull
adversarial,2,4,10,600141,0.1843912256611476,convex_hull
adversarial,2,4,30,600161,0.18013192085761717,convex_hull
adversarial,2,4,100,600231,0.08163370540283926,convex_hull
adversarial,2,4,300,600431,0.041050622859748066,convex_hull
adversarial,2,4,1000,601131,0.04466910432621737,convex_hull
adversarial,2,4,3000,603131,0.0005660233166681627,convex_hull
adversarial,2,4,1,600232,0.2928259535828129,convex_hull
adversarial,2,4,3,600234,0.35189977193599487,convex_hull
adversarial,2,4,10,600241,0.19179900471395986,convex_hull
adversarial,2,4,30,600261,0.1708049961992911,convex_hull
adversarial,2,4,100,600331,0.10390914822077613,convex_hull
adversarial,2,4,300,600531,0.07633901168062787,convex_hull
adversarial,2,4,1000,601231,0.05214143576863234,convex_hull
adversarial,2,4,3000,603231,0.011598620790288472,convex_hull
adversarial,2,4,1,600332,0.35731047679464906,convex_hull
adversarial,2,4,3,600334,0.2753262156374775,convex_hull
adversarial,2,4,10,600341,0.1669489558448982,convex_hull
adversarial,2,4,30,600361,0.11554621036470727,convex_hull
adversarial,2,4,100,600431,0.11142615456682659,convex_hull
adversarial,2,4,300,600631,0.05445914160287846,convex_hull
adversarial,2,4,1000,601331,0.02630782832516033,convex_hull
adversarial,2,4,3000,603331,0.009664479788807506,convex_hull
adversarial,2,4,1,600432,0.33866489478086365,convex_hull
adversarial,2,4,3,600434,0.32942529407179805,convex_hull
adversarial,2,4,10,600441,0.20662719892044015,convex_hull
adversarial,2,4,30,600461,0.11762803264798123,convex_hull
adversarial,2,4,100,600531,0.105038004214803,convex_hull
adversarial,2,4,300,600731,0.05621384936353061,convex_hull
adversarial,2,4,1000,601431,0.013821815527911849,convex_hull
adversarial,2,4,3000,603431,0.006916162208901282,convex_hull
uniform,3,6,1,107532,0.38809261171289794,convex_hull
uniform,3,6,1,107632,0.3555831166790587,convex_hull
uniform,3,6,1,107732,0.38697523726378086,convex_hull
uniform,3,6,1,107832,0.4359013274184427,convex_hull
uniform,3,6,1,107932,0.4760160412649452,convex_hull
uniform,3,6,1,108032,0.43287857000172436,convex_hull
uniform,3,6,1,108132,0.36090227173373074,convex_hull
uniform,3,6,1,108232,0.47874193283621164,convex_hull
uniform,3,6,1,108332,0.3541694488546564,convex_hull
uniform,3,6,1,108432,0.5138711519788415,convex_hull
uniform,3,6,1,108532,0.3957584467163239,convex_hull
uniform,3,6,1,108632,0.4624267930511105,convex_hull
uniform,3,6,1,108732,0.3911678596273358,convex_hull
uniform,3,6,1,108832,0.4352418449772655,convex_hull
uniform,3,6,1,108932,0.3461156489677981,convex_hull
uniform,3,6,1,109032,0.35357318099052554,convex_hull
uniform,3,6,1,109132,0.3678187872365633,convex_hull
uniform,3,6,1,109232,0.42648572054329226,convex_hull
uniform,3,6,1,109332,0.4349273890629062,convex_hull
uniform,3,6,1,109432,0.4763658538577044,convex_hull
uniform,3,6,1,109532,0.37245308013029305,convex_hull
uniform,3,6,1,109632,0.36840379096882764,convex_hull
uniform,3,6,1,109732,0.48221302975196173,convex_hull
uniform,3,6,1,109832,0.5102065827873948,convex_hull
uniform,3,6,1,109932,0.37888428202936925,convex_hull
uniform,3,6,1,110032,0.34112111475073015,convex_hull
uniform,3,6,1,110132,0.31853120850748057,convex_hull
uniform,3,6,1,110232,0.41794041913790936,convex_hull
uniform,3,6,1,110332,0.35256277045877116,convex_hull
uniform,3,6,1,110432,0.37071432416325,convex_hull
uniform,3,6,3,107534,0.3101751863365283,convex_hull
uniform,3,6,3,107634,0.33974658387298906,convex_hull
uniform,3,6,3,107734,0.33456637507496434,convex_hull
uniform,3,6,3,107834,0.31076940875156306,convex_hull
uniform,3,6,3,107934,0.29437236829616903,convex_hull
uniform,3,6,3,108034,0.3338678595414194,convex_hull
uniform,3,6,3,108134,0.28549970243914585,convex_hull
uniform,3,6,3,108234,0.273296577895139,convex_hull
uniform,3,6,3,108334,0.30104063275169773,convex_hull
uniform,3,6,3,108434,0.3057956752614212,convex_hull
uniform,3,6,3,108534,0.33071311938113873,convex_hull
uniform,3,6,3,108634,0.3130256533592054,convex_hull
uniform,3,6,3,108734,0.2809572119517132,convex_hull
uniform,3,6,3,108834,0.35354605089044905,convex_hull
uniform,3,6,3,108934,0.3312970033955488,convex_hull
uniform,3,6,3,109034,0.30543167041312996,convex_hull
uniform,3,6,3,109134,0.27034858977578663,convex_hull
uniform,3,6,3,109234,0.29901252668025835,convex_hull
uniform,3,6,3,109334,0.36607872825760296,convex_hull
uniform,3,6,3,109434,0.3438500651414801,convex_hull
uniform,3,6,3,109534,0.3041075819273139,convex_hull
uniform,3,6,3,109634,0.2892277880866488,convex_hull
uniform,3,6,3,109734,0.2899949213422073,convex_hull
uniform,3,6,3,109834,0.27956675486063065,convex_hull
uniform,3,6,3,109934,0.3268738956947552,convex_hull
uniform,3,6,3,110034,0.35704706170321543,convex_hull
uniform,3,6,3,110134,0.29852597906932243,convex_hull
uniform,3,6,3,110234,0.37337559397140085,convex_hull
uniform,3,6,3,110334,0.3238883720428037,convex_hull
uniform,3,6,3,110434,0.32038455410435873,convex_hull
uniform,3,6,10,107541,0.21641799829011046,convex_hull
uniform,3,6,10,107641,0.19959893651051802,convex_hull
uniform,3,6,10,107741,0.19291975870669517,convex_hull
uniform,3,6,10,107841,0.2246924472453648,convex_hull
uniform,3,6,10,107941,0.2807013082532558,convex_hull
uniform,3,6,10,108041,0.2306497462297216,convex_hull
uniform,3,6,10,108141,0.22195133469384687,convex_hull
uniform,3,6,10,108241,0.23046343382882425,convex_hull
uniform,3,6,10,108341,0.2134905591022352,convex_hull
uniform,3,6,10,108441,0.2593436039629412,convex_hull
uniform,3,6,10,108541,0.2460433841609608,convex_hull
uniform,3,6,10,108641,0.23870089861629748,convex_hull
uniform,3,6,10,108741,0.23631101972426807,convex_hull
uniform,3,6,10,108841,0.2967173994031264,convex_hull
uniform,3,6,10,108941,0.22677282802792212,convex_hull
uniform,3,6,10,109041,0.21087295537304318,convex_hull
uniform,3,6,10,109141,0.21062704277107167,convex_hull
uniform,3,6,10,109241,0.2486570260818732,convex_hull
uniform,3,6,10,109341,0.23901442434630008,convex_hull
uniform,3,6,10,109441,0.196663094529171,convex_hull
uniform,3,6,10,109541,0.21619154724687792,convex_hull
uniform,3,6,10,109641,0.21722590098594305,convex_hull
uniform,3,6,10,109741,0.2324235122791552,convex_hull
uniform,3,6,10,109841,0.25413619228161705,convex_hull
uniform,3,6,10,109941,0.24788895637576244,convex_hull
uniform,3,6,10,110041,0.2210159345217468,convex_hull
uniform,3,6,10,110141,0.1967163270112011,convex_hull
uniform,3,6,10,110241,0.22347091083569917,convex_hull
uniform,3,6,10,110341,0.19622055408821726,convex_hull
uniform,3,6,10,110441,0.19767755432901163,convex_hull
uniform,3,6,30,107561,0.20359570887109213,convex_hull
uniform,3,6,30,107661,0.16319708351482537,convex_hull
uniform,3,6,30,107761,0.1640189168665565,convex_hull
uniform,3,6,30,107861,0.22076532544789995,convex_hull
uniform,3,6,30,107961,0.1774495714955489,convex_hull
uniform,3,6,30,108061,0.18480319095114678,convex_hull
uniform,3,6,30,108161,0.1775084030327522,convex_hull
uniform,3,6,30,108261,0.19483111850205084,convex_hull
uniform,3,6,30,108361,0.194300959595936,convex_hull
uniform,3,6,30,108461,0.1700452686312413,convex_hull
uniform,3,6,30,108561,0.20510044050179888,convex_hull
uniform,3,6,30,108661,0.1827391290440678,convex_hull
uniform,3,6,30,108761,0.18500543827811675,convex_hull
uniform,3,6,30,108861,0.1875877288219126,convex_hull
uniform,3,6,30,108961,0.17843498158504134,convex_hull
uniform,3,6,30,109061,0.21057602316754642,convex_hull
uniform,3,6,30,109161,0.14963494297176416,convex_hull
uniform,3,6,30,109261,0.17040800888647883,convex_hull
uniform,3,6,30,109361,0.1524263169677293,convex_hull
uniform,3,6,30,109461,0.1535594891216204,convex_hull
uniform,3,6,30,109561,0.18628137595253247,convex_hull
uniform,3,6,30,109661,0.16331073471215551,convex_hull
uniform,3,6,30,109761,0.16502817984088813,convex_hull
uniform,3,6,30,109861,0.18323044773713903,convex_hull
uniform,3,6,30,109961,0.213170222564219,convex_hull
uniform,3,6,30,110061,0.16948979360488745,convex_hull
uniform,3,6,30,110161,0.15619054072724728,convex_hull
uniform,3,6,30,110261,0.15704794647429055,convex_hull
uniform,3,6,30,110361,0.17558549176755747,convex_hull
uniform,3,6,30,110461,0.17133409954871676,convex_hull
uniform,3,6,100,107631,0.11243205110237767,convex_hull
uniform,3,6,100,107731,0.125877988295817,convex_hull
uniform,3,6,100,107831,0.12559345876936076,convex_hull
uniform,3,6,100,107931,0.12372178206838143,convex_hull
uniform,3,6,100,108031,0.12280025965193185,convex_hull
uniform,3,6,100,108131,0.11446721140958109,convex_hull
uniform,3,6,100,108231,0.1231516999815617,convex_hull
uniform,3,6,100,108331,0.14024992594839691,convex_hull
uniform,3,6,100,108431,0.12882792146160613,convex_hull
uniform,3,6,100,108531,0.15874596326811055,convex_hull
uniform,3,6,100,108631,0.12741937938990625,convex_hull
uniform,3,6,100,108731,0.1347431091877229,convex_hull
uniform,3,6,100,108831,0.1154084774036262,convex_hull
uniform,3,6,100,108931,0.10758429994356658,convex_hull
uniform,3,6,100,109031,0.11706681048498205,convex_hull
uniform,3,6,100,109131,0.12085993452463166,convex_hull
uniform,3,6,100,109231,0.1398967902112502,convex_hull
uniform,3,6,100,109331,0.11675276896808036,convex_hull
uniform,3,6,100,109431,0.10737920621173773,convex_hull
uniform,3,6,100,109531,0.1338464216561258,convex_hull
uniform,3,6,100,109631,0.11441153843299864,convex_hull
uniform,3,6,100,109731,0.14130662322656645,convex_hull
uniform,3,6,100,109831,0.11614807759234072,convex_hull
uniform,3,6,100,109931,0.10676224077330922,convex_hull
uniform,3,6,100,110031,0.14177199939969976,convex_hull
uniform,3,6,100,110131,0.130914152324713,convex_hull
uniform,3,6,100,110231,0.11498950106262301,convex_hull
uniform,3,6,100,110331,0.13574475783568657,convex_hull
uniform,3,6,100,110431,0.1476888020322051,convex_hull
uniform,3,6,100,110531,0.14004033393384563,convex_hull
uniform,3,6,300,107831,0.10122448216390491,convex_hull
uniform,3,6,300,107931,0.10298922237419024,convex_hull
uniform,3,6,300,108031,0.0771154385068284,convex_hull
uniform,3,6,300,108131,0.07631670317726602,convex_hull
uniform,3,6,300,108231,0.09443820966370091,convex_hull
uniform,3,6,300,108331,0.09314008840100732,convex_hull
uniform,3,6,300,108431,0.08920406515458904,convex_hull
uniform,3,6,300,108531,0.08403785855458401,convex_hull
uniform,3,6,300,108631,0.08710676922135474,convex_hull
uniform,3,6,300,108731,0.11229201915537788,convex_hull
uniform,3,6,300,108831,0.08941254731920677,convex_hull
uniform,3,6,300,108931,0.08387078326792627,convex_hull
uniform,3,6,300,109031,0.09888337938092248,convex_hull
uniform,3,6,300,109131,0.07708681553376132,convex_hull
uniform,3,6,300,109231,0.09518637321033241,convex_hull
uniform,3,6,300,109331,0.09856936023406042,convex_hull
uniform,3,6,300,109431,0.10058364983636922,convex_hull
uniform,3,6,300,109531,0.1161352861688833,convex_hull
uniform,3,6,300,109631,0.07666002632147761,convex_hull
uniform,3,6,300,109731,0.08528469203045702,convex_hull
uniform,3,6,300,109831,0.10028816172427465,convex_hull
uniform,3,6,300,109931,0.0923747620098877,convex_hull
uniform,3,6,300,110031,0.09297022986402687,convex_hull
uniform,3,6,300,110131,0.09215175308871194,convex_hull
uniform,3,6,300,110231,0.08761474872671518,convex_hull
uniform,3,6,300,110331,0.10545352004590683,convex_hull
uniform,3,6,300,110431,0.08665660880762957,convex_hull
uniform,3,6,300,110531,0.08978080171215645,convex_hull
uniform,3,6,300,110631,0.07679829853546434,convex_hull
uniform,3,6,300,110731,0.12116062778342396,convex_hull
uniform,3,6,1000,108531,0.09175593256825985,convex_hull
uniform,3,6,1000,108631,0.057228736610328096,convex_hull
uniform,3,6,1000,108731,0.082678332364785,convex_hull
uniform,3,6,1000,108831,0.07240683072604655,convex_hull
uniform,3,6,1000,108931,0.08095626143235107,convex_hull
uniform,3,6,1000,109031,0.08034916834083834,convex_hull
uniform,3,6,1000,109131,0.07025957254370692,convex_hull
uniform,3,6,1000,109231,0.0819394890011395,convex_hull
uniform,3,6,1000,109331,0.07171691148824245,convex_hull
uniform,3,6,1000,109431,0.07015267760766354,convex_hull
uniform,3,6,1000,109531,0.10595223664873948,convex_hull
uniform,3,6,1000,109631,0.07139831738767832,convex_hull
uniform,3,6,1000,109731,0.06741433882606696,convex_hull
uniform,3,6,1000,109831,0.07734868192197343,convex_hull
uniform,3,6,1000,109931,0.05613243451012895,convex_hull
uniform,3,6,1000,110031,0.0813505227327763,convex_hull
uniform,3,6,1000,110131,0.06750270819668473,convex_hull
uniform,3,6,1000,110231,0.0677728148474647,convex_hull
uniform,3,6,1000,110331,0.0745091882459037,convex_hull
uniform,3,6,1000,110431,0.06949272517367726,convex_hull
uniform,3,6,1000,110531,0.06196169445649691,convex_hull
uniform,3,6,1000,110631,0.06395201800173125,convex_hull
uniform,3,6,1000,110731,0.07783988396255859,convex_hull
uniform,3,6,1000,110831,0.06356232526532243,convex_hull
uniform,3,6,1000,110931,0.08276609961875689,convex_hull
uniform,3,6,1000,111031,0.057604757319187135,convex_hull
uniform,3,6,1000,111131,0.06695347632826686,convex_hull
uniform,3,6,1000,111231,0.07025937819960995,convex_hull
uniform,3,6,1000,111331,0.061532122679357884,convex_hull
uniform,3,6,1000,111431,0.07738753678601148,convex_hull
uniform,3,6,3000,110531,0.05486395977516912,convex_hull
uniform,3,6,3000,110631,0.07754263064656301,convex_hull
uniform,3,6,3000,110731,0.06102094090796576,convex_hull
uniform,3,6,3000,110831,0.04509414160329488,convex_hull
uniform,3,6,3000,110931,0.04516255090093708,convex_hull
uniform,3,6,3000,111031,0.050517181689989345,convex_hull
uniform,3,6,3000,111131,0.06061791612698343,convex_hull
uniform,3,6,3000,111231,0.054876746874497895,convex_hull
uniform,3,6,3000,111331,0.045609097063966986,convex_hull
uniform,3,6,3000,111431,0.05672188663664935,convex_hull
uniform,3,6,3000,111531,0.062222090850077086,convex_hull
uniform,3,6,3000,111631,0.04886756187370432,convex_hull
uniform,3,6,3000,111731,0.04840383671715404,convex_hull
uniform,3,6,3000,111831,0.04426346493693087,convex_hull
uniform,3,6,3000,111931,0.0458197625506773,convex_hull
uniform,3,6,3000,112031,0.05819328083475281,convex_hull
uniform,3,6,3000,112131,0.054692702141919465,convex_hull
uniform,3,6,3000,112231,0.04651659994716459,convex_hull
uniform,3,6,3000,112331,0.04854550196229237,convex_hull
uniform,3,6,3000,112431,0.05551920283610736,convex_hull
uniform,3,6,3000,112531,0.04032021979601325,convex_hull
uniform,3,6,3000,112631,0.04809192849645678,convex_hull
uniform,3,6,3000,112731,0.05676894031088774,convex_hull
uniform,3,6,3000,112831,0.056934004398946615,convex_hull
uniform,3,6,3000,112931,0.04821033248170354,convex_hull
uniform,3,6,3000,113031,0.04690770457253764,convex_hull
uniform,3,6,3000,113131,0.07844692311884711,convex_hull
uniform,3,6,3000,113231,0.05376873227439457,convex_hull
uniform,3,6,3000,113331,0.06597152533867438,convex_hull
uniform,3,6,3000,113431,0.06627429760116796,convex_hull
adversarial,3,6,1,607532,0.36490811689892777,convex_hull
adversarial,3,6,3,607534,0.3050142259905925,convex_hull
adversarial,3,6,10,607541,0.3055160117895639,convex_hull
adversarial,3,6,30,607561,0.1851847787111768,convex_hull
adversarial,3,6,100,607631,0.12507288387007992,convex_hull
adversarial,3,6,300,607831,0.10271856075769524,convex_hull
adversarial,3,6,1000,608531,0.04908958736249788,convex_hull
adversarial,3,6,3000,610531,0.03384856537377298,convex_hull
adversarial,3,6,1,607632,0.4238766225140941,convex_hull
adversarial,3,6,3,607634,0.3592721570848247,convex_hull
adversarial,3,6,10,607641,0.25021936789088134,convex_hull
adversarial,3,6,30,607661,0.17360649727479613,convex_hull
adversarial,3,6,100,607731,0.13643658600064246,convex_hull
adversarial,3,6,300,607931,0.10909599260089428,convex_hull
adversarial,3,6,1000,608631,0.08170115188660812,convex_hull
adversarial,3,6,3000,610631,0.04406243309327332,convex_hull
adversarial,3,6,1,607732,0.4637370026076696,convex_hull
adversarial,3,6,3,607734,0.3514836325280226,convex_hull
adversarial,3,6,10,607741,0.2747629469981998,convex_hull
adversarial,3,6,30,607761,0.19935370167163538,convex_hull
adversarial,3,6,100,607831,0.14004387526126508,convex_hull
adversarial,3,6,300,608031,0.11394149214016498,convex_hull
adversarial,3,6,1000,608731,0.06106776239802952,convex_hull
adversarial,3,6,3000,610731,0.03983072077550851,convex_hull
adversarial,3,6,1,607832,0.40220155657315815,convex_hull
adversarial,3,6,3,607834,0.2974255876861962,convex_hull
adversarial,3,6,10,607841,0.24954704340142456,convex_hull
adversarial,3,6,30,607861,0.18129392473804792,convex_hull
adversarial,3,6,100,607931,0.10266590043618949,convex_hull
adversarial,3,6,300,608131,0.08640465043967725,convex_hull
adversarial,3,6,1000,608831,0.06446736632682878,convex_hull
adversarial,3,6,3000,610831,0.04087372872617822,convex_hull
adversarial,3,6,1,607932,0.3890445777150097,convex_hull
adversarial,3,6,3,607934,0.35202468093954836,convex_hull
adversarial,3,6,10,607941,0.24168875554787364,convex_hull
adversarial,3,6,30,607961,0.19661787150858834,convex_hull
adversarial,3,6,100,608031,0.12342670580268524,convex_hull
adversarial,3,6,300,608231,0.10612158337580666,convex_hull
adversarial,3,6,1000,608931,0.06144600542380002,convex_hull
adversarial,3,6,3000,610931,0.040241027182170236,convex_hull
adversarial,3,6,1,608032,0.4135127231372918,convex_hull
adversarial,3,6,3,608034,0.3175505359510089,convex_hull
adversarial,3,6,10,608041,0.25719327215088683,convex_hull
adversarial,3,6,30,608061,0.18614040478127977,convex_hull
adversarial,3,6,100,608131,0.1217281049437068,convex_hull
adversarial,3,6,300,608331,0.109722202547796,convex_hull
adversarial,3,6,1000,609031,0.06183796773071295,convex_hull
adversarial,3,6,3000,611031,0.04649796334679271,convex_hull
adversarial,3,6,1,608132,0.4184306072236321,convex_hull
adversarial,3,6,3,608134,0.3987900450825416,convex_hull
adversarial,3,6,10,608141,0.26793340220927264,convex_hull
adversarial,3,6,30,608161,0.23581811281684883,convex_hull
adversarial,3,6,100,608231,0.1421404022326539,convex_hull
adversarial,3,6,300,608431,0.11387905543563633,convex_hull
adversarial,3,6,1000,609131,0.07182621656492241,convex_hull
adversarial,3,6,3000,611131,0.05337932248846221,convex_hull
adversarial,3,6,1,608232,0.47866691439223535,convex_hull
adversarial,3,6,3,608234,0.3974958481511202,convex_hull
adversarial,3,6,10,608241,0.2405652282466245,convex_hull
adversarial,3,6,30,608261,0.17244238123788277,convex_hull
adversarial,3,6,100,608331,0.1125042221617785,convex_hull
adversarial,3,6,300,608531,0.07327430023778013,convex_hull
adversarial,3,6,1000,609231,0.05985662764117392,convex_hull
adversarial,3,6,3000,611231,0.03734914689877491,convex_hull
adversarial,3,6,1,608332,0.40729603710582424,convex_hull
adversarial,3,6,3,608334,0.3763352409892414,convex_hull
adversarial,3,6,10,608341,0.2617426944669096,convex_hull
adversarial,3,6,30,608361,0.16934956955406208,convex_hull
adversarial,3,6,100,608431,0.12224538383227637,convex_hull
adversarial,3,6,300,608631,0.09813980958867698,convex_hull
adversarial,3,6,1000,609331,0.054069793275638454,convex_hull
adversarial,3,6,3000,611331,0.048044860280785494,convex_hull
adversarial,3,6,1,608432,0.41058252889594155,convex_hull
adversarial,3,6,3,608434,0.3233424176656607,convex_hull
adversarial,3,6,10,608441,0.27781591768063424,convex_hull
adversarial,3,6,30,608461,0.20604061951259234,convex_hull
adversarial,3,6,100,608531,0.15691245804534124,convex_hull
adversarial,3,6,300,608731,0.07940123783287464,convex_hull
adversarial,3,6,1000,609431,0.0658393382095757,convex_hull
adversarial,3,6,3000,611431,0.03901987286187083,convex_hull
adversarial,3,6,1,608532,0.4757268956748684,convex_hull
adversarial,3,6,3,608534,0.334731812973293,convex_hull
adversarial,3,6,10,608541,0.20846341039546637,convex_hull
adversarial,3,6,30,608561,0.22238452251133262,convex_hull
adversarial,3,6,100,608631,0.1396120224714026,convex_hull
adversarial,3,6,300,608831,0.09298878550713406,convex_hull
adversarial,3,6,1000,609531,0.05144158389468943,convex_hull
adversarial,3,6,3000,611531,0.042771963772283046,convex_hull
adversarial,3,6,1,608632,0.44395091439262113,convex_hull
adversarial,3,6,3,608634,0.3443400336961552,convex_hull
adversarial,3,6,10,608641,0.27017097460726885,convex_hull
adversarial,3,6,30,608661,0.19209188017966874,convex_hull
adversarial,3,6,100,608731,0.12864992683917545,convex_hull
adversarial,3,6,300,608931,0.08921466135789713,convex_hull
adversarial,3,6,1000,609631,0.04860497124057175,convex_hull
adversarial,3,6,3000,611631,0.04172809029099365,convex_hull
adversarial,3,6,1,608732,0.41510588985333985,convex_hull
adversarial,3,6,3,608734,0.3741903594146696,convex_hull
adversarial,3,6,10,608741,0.26457266682541447,convex_hull
adversarial,3,6,30,608761,0.2381838569835058,convex_hull
adversarial,3,6,100,608831,0.16764462693813942,convex_hull
adversarial,3,6,300,609031,0.12166004990340755,convex_hull
adversarial,3,6,1000,609731,0.08057338113415018,convex_hull
adversarial,3,6,3000,611731,0.07247163013491999,convex_hull
adversarial,3,6,1,608832,0.4159718985081394,convex_hull
adversarial,3,6,3,608834,0.3286083545203393,convex_hull
adversarial,3,6,10,608841,0.27155386039020857,convex_hull
adversarial,3,6,30,608861,0.24156248459206695,convex_hull
adversarial,3,6,100,608931,0.16705871572234945,convex_hull
adversarial,3,6,300,609131,0.1147285542146558,convex_hull
adversarial,3,6,1000,609831,0.059081268773321295,convex_hull
adversarial,3,6,3000,611831,0.06741502116916778,convex_hull
adversarial,3,6,1,608932,0.4803092793130612,convex_hull
adversarial,3,6,3,608934,0.3558137006711048,convex_hull
adversarial,3,6,10,608941,0.26361920434487934,convex_hull
adversarial,3,6,30,608961,0.16119707520493326,convex_hull
adversarial,3,6,100,609031,0.12001488884407646,convex_hull
adversarial,3,6,300,609231,0.10207192289787285,convex_hull
adversarial,3,6,1000,609931,0.0594018117823464,convex_hull
adversarial,3,6,3000,611931,0.042333392825894184,convex_hull
adversarial,3,6,1,609032,0.35608881822915006,convex_hull
adversarial,3,6,3,609034,0.33381832043459636,convex_hull
adversarial,3,6,10,609041,0.2789770618961546,convex_hull
adversarial,3,6,30,609061,0.21912696375925167,convex_hull
adversarial,3,6,100,609131,0.13289142468214354,convex_hull
adversarial,3,6,300,609331,0.10278309669213859,convex_hull
adversarial,3,6,1000,610031,0.05920369392661535,convex_hull
adversarial,3,6,3000,612031,0.03803082803923357,convex_hull
adversarial,3,6,1,609132,0.42641432137282564,convex_hull
adversarial,3,6,3,609134,0.3407474323479809,convex_hull
adversarial,3,6,10,609141,0.28397593477919264,convex_hull
adversarial,3,6,30,609161,0.167731221375377,convex_hull
adversarial,3,6,100,609231,0.17360368667212303,convex_hull
adversarial,3,6,300,609431,0.09542572201822348,convex_hull
adversarial,3,6,1000,610131,0.07189274029031827,convex_hull
adversarial,3,6,3000,612131,0.02943430036495372,convex_hull
adversarial,3,6,1,609232,0.3439639152364921,convex_hull
adversarial,3,6,3,609234,0.39851314547871386,convex_hull
adversarial,3,6,10,609241,0.2774737326635739,convex_hull
adversarial,3,6,30,609261,0.20379270606686073,convex_hull
adversarial,3,6,100,609331,0.11539001966382038,convex_hull
adversarial,3,6,300,609531,0.09154228010311734,convex_hull
adversarial,3,6,1000,610231,0.04954580027638429,convex_hull
adversarial,3,6,3000,612231,0.03528867879510878,convex_hull
adversarial,3,6,1,609332,0.3702298712999563,convex_hull
adversarial,3,6,3,609334,0.3390048095641433,convex_hull
adversarial,3,6,10,609341,0.24779622932674003,convex_hull
adversarial,3,6,30,609361,0.19952546845954788,convex_hull
adversarial,3,6,100,609431,0.10534387779840385,convex_hull
adversarial,3,6,300,609631,0.1028458695768863,convex_hull
adversarial,3,6,1000,610331,0.052990293344768395,convex_hull
adversarial,3,6,3000,612331,0.03524728056574068,convex_hull
adversarial,3,6,1,609432,0.38761647313530423,convex_hull
adversarial,3,6,3,609434,0.29329177018971175,convex_hull
adversarial,3,6,10,609441,0.32357362201087847,convex_hull
adversarial,3,6,30,609461,0.2080407000760937,convex_hull
adversarial,3,6,100,609531,0.13305446484595143,convex_hull
adversarial,3,6,300,609731,0.10432635811791946,convex_hull
adversarial,3,6,1000,610431,0.06358805121623677,convex_hull
adversarial,3,6,3000,612431,0.050074670135752036,convex_hull
adversarial,3,6,1,609532,0.41291774223366307,convex_hull
adversarial,3,6,3,609534,0.33713380044061914,convex_hull
adversarial,3,6,10,609541,0.35061297815346454,convex_hull
adversarial,3,6,30,609561,0.21590750557830934,convex_hull
adversarial,3,6,100,609631,0.11879846992413436,convex_hull
adversarial,3,6,300,609831,0.10739497986450892,convex_hull
adversarial,3,6,1000,610531,0.06683712322871298,convex_hull
adversarial,3,6,3000,612531,0.052552359203534744,convex_hull
adversarial,3,6,1,609632,0.5056927341656539,convex_hull
adversarial,3,6,3,609634,0.2745729913583731,convex_hull
adversarial,3,6,10,609641,0.23624125357499892,convex_hull
adversarial,3,6,30,609661,0.20187682991498979,convex_hull
adversarial,3,6,100,609731,0.12551287773628003,convex_hull
adversarial,3,6,300,609931,0.08226480650651792,convex_hull
adversarial,3,6,1000,610631,0.07558683179684585,convex_hull
adversarial,3,6,3000,612631,0.04230021743755734,convex_hull
adversarial,3,6,1,609732,0.37088568182201487,convex_hull
adversarial,3,6,3,609734,0.35296027757943743,convex_hull
adversarial,3,6,10,609741,0.23877443545611207,convex_hull
adversarial,3,6,30,609761,0.16035772693031874,convex_hull
adversarial,3,6,100,609831,0.1450205580940574,convex_hull
adversarial,3,6,300,610031,0.07474769427010577,convex_hull
adversarial,3,6,1000,610731,0.06610438275847602,convex_hull
adversarial,3,6,3000,612731,0.03928361484081972,convex_hull
adversarial,3,6,1,609832,0.44876299979320217,convex_hull
adversarial,3,6,3,609834,0.3490114424354863,convex_hull
adversarial,3,6,10,609841,0.2581408448982038,convex_hull
adversarial,3,6,30,609861,0.1631517706050799,convex_hull
adversarial,3,6,100,609931,0.12376461126341524,convex_hull
adversarial,3,6,300,610131,0.07571196301650145,convex_hull
adversarial,3,6,1000,610831,0.06005034130899655,convex_hull
adversarial,3,6,3000,612831,0.031135234429272796,convex_hull
adversarial,3,6,1,609932,0.44432316459249843,convex_hull
adversarial,3,6,3,609934,0.30025225663809013,convex_hull
adversarial,3,6,10,609941,0.228138870537267,convex_hull
adversarial,3,6,30,609961,0.2091565741757682,convex_hull
adversarial,3,6,100,610031,0.13378894766008062,convex_hull
adversarial,3,6,300,610231,0.08232023698383453,convex_hull
adversarial,3,6,1000,610931,0.0734817659501722,convex_hull
adversarial,3,6,3000,612931,0.04723100501705421,convex_hull
adversarial,3,6,1,610032,0.41308489719886654,convex_hull
adversarial,3,6,3,610034,0.3398967955611556,convex_hull
adversarial,3,6,10,610041,0.26530464304929796,convex_hull
adversarial,3,6,30,610061,0.18895069711821677,convex_hull
adversarial,3,6,100,610131,0.15615506194189344,convex_hull
adversarial,3,6,300,610331,0.09194209796352892,convex_hull
adversarial,3,6,1000,611031,0.06883600941375334,convex_hull
adversarial,3,6,3000,613031,0.04165567855067052,convex_hull
adversarial,3,6,1,610132,0.42567133171164157,convex_hull
adversarial,3,6,3,610134,0.3112156577901337,convex_hull
adversarial,3,6,10,610141,0.2643369728631486,convex_hull
adversarial,3,6,30,610161,0.23845801287142923,convex_hull
adversarial,3,6,100,610231,0.12531392768203098,convex_hull
adversarial,3,6,300,610431,0.1013624283575763,convex_hull
adversarial,3,6,1000,611131,0.0714835290716848,convex_hull
adversarial,3,6,3000,613131,0.039847251060324114,convex_hull
adversarial,3,6,1,610232,0.3744310867989277,convex_hull
adversarial,3,6,3,610234,0.3465820175561325,convex_hull
adversarial,3,6,10,610241,0.24540140556716744,convex_hull
adversarial,3,6,30,610261,0.16076412245485266,convex_hull
adversarial,3,6,100,610331,0.14012182652913993,convex_hull
adversarial,3,6,300,610531,0.1002430419588602,convex_hull
adversarial,3,6,1000,611231,0.06517718089280529,convex_hull
adversarial,3,6,3000,613231,0.04979163573959292,convex_hull
adversarial,3,6,1,610332,0.5362892689152668,convex_hull
adversarial,3,6,3,610334,0.31125834322314455,convex_hull
adversarial,3,6,10,610341,0.30516035803027886,convex_hull
adversarial,3,6,30,610361,0.2234497835375266,convex_hull
adversarial,3,6,100,610431,0.1442688170582882,convex_hull
adversarial,3,6,300,610631,0.10997365337254741,convex_hull
adversarial,3,6,1000,611331,0.07631720777423188,convex_hull
adversarial,3,6,3000,613331,0.0392681404776249,convex_hull
adversarial,3,6,1,610432,0.3463305982207097,convex_hull
adversarial,3,6,3,610434,0.35336428421759264,convex_hull
adversarial,3,6,10,610441,0.2672125203618366,convex_hull
adversarial,3,6,30,610461,0.16668402138853586,convex_hull
adversarial,3,6,100,610531,0.10811453202266674,convex_hull
adversarial,3,6,300,610731,0.0786648006042303,convex_hull
adversarial,3,6,1000,611431,0.07558997026495011,convex_hull
adversarial,3,6,3000,613431,0.03222797079104455,convex_hull
uniform,4,8,1,117532,0.47297618485703397,convex_hull
uniform,4,8,1,117632,0.5087426325133283,convex_hull
uniform,4,8,1,117732,0.446214682834624,convex_hull
uniform,4,8,1,117832,0.4831715777935259,convex_hull
uniform,4,8,1,117932,0.37923327592082584,convex_hull
uniform,4,8,1,118032,0.5289258411366041,convex_hull
uniform,4,8,1,118132,0.45166450762277005,convex_hull
uniform,4,8,1,118232,0.38565914940359725,convex_hull
uniform,4,8,1,118332,0.4689510863091754,convex_hull
uniform,4,8,1,118432,0.44187923944074764,convex_hull
uniform,4,8,1,118532,0.4133601575119959,convex_hull
uniform,4,8,1,118632,0.43350676338544786,convex_hull
uniform,4,8,1,118732,0.4588213587720128,convex_hull
uniform,4,8,1,118832,0.47495538546202887,convex_hull
uniform,4,8,1,118932,0.48433687834818984,convex_hull
uniform,4,8,1,119032,0.3990138791863327,convex_hull
uniform,4,8,1,119132,0.4062782109970517,convex_hull
uniform,4,8,1,119232,0.5132975349878287,convex_hull
uniform,4,8,1,119332,0.47044682116076214,convex_hull
uniform,4,8,1,119432,0.39175238478437824,convex_hull
uniform,4,8,1,119532,0.4541746232107394,convex_hull
uniform,4,8,1,119632,0.49178823477364647,convex_hull
uniform,4,8,1,119732,0.4277332666881876,convex_hull
uniform,4,8,1,119832,0.44688572183772657,convex_hull
uniform,4,8,1,119932,0.4283297548376087,convex_hull
uniform,4,8,1,120032,0.4494364154314857,convex_hull
uniform,4,8,1,120132,0.49082722797853356,convex_hull
uniform,4,8,1,120232,0.44840873552470095,convex_hull
uniform,4,8,1,120332,0.6024040570118865,convex_hull
uniform,4,8,1,120432,0.5319271794881956,convex_hull
uniform,4,8,3,117534,0.37234057924235603,convex_hull
uniform,4,8,3,117634,0.3522571740249494,convex_hull
uniform,4,8,3,117734,0.38208949088315675,convex_hull
uniform,4,8,3,117834,0.3438614931224829,convex_hull
uniform,4,8,3,117934,0.33184730188343137,convex_hull
uniform,4,8,3,118034,0.3259880675731757,convex_hull
uniform,4,8,3,118134,0.29365537872255554,convex_hull
uniform,4,8,3,118234,0.3637593581607046,convex_hull
uniform,4,8,3,118334,0.3582605050743608,convex_hull
uniform,4,8,3,118434,0.41939016360541986,convex_hull
uniform,4,8,3,118534,0.33479777631803426,convex_hull
uniform,4,8,3,118634,0.40717548759521316,convex_hull
uniform,4,8,3,118734,0.33572258504057323,convex_hull
uniform,4,8,3,118834,0.36593062274649346,convex_hull
uniform,4,8,3,118934,0.34247349264700333,convex_hull
uniform,4,8,3,119034,0.3894533069471637,convex_hull
uniform,4,8,3,119134,0.3399486585161497,convex_hull
uniform,4,8,3,119234,0.3551959087758198,convex_hull
uniform,4,8,3,119334,0.3572106477885367,convex_hull
uniform,4,8,3,119434,0.38622970400045953,convex_hull
uniform,4,8,3,119534,0.3220875509663473,convex_hull
uniform,4,8,3,119634,0.39487816239083107,convex_hull
uniform,4,8,3,119734,0.4015923611297241,convex_hull
uniform,4,8,3,119834,0.35203940856993027,convex_hull
uniform,4,8,3,119934,0.40237460590455887,convex_hull
uniform,4,8,3,120034,0.34663908846842145,convex_hull
uniform,4,8,3,120134,0.3242285690263289,convex_hull
uniform,4,8,3,120234,0.34903076535810634,convex_hull
uniform,4,8,3,120334,0.3084127230486455,convex_hull
uniform,4,8,3,120434,0.45068902608023825,convex_hull
uniform,4,8,10,117541,0.24067902930864588,convex_hull
uniform,4,8,10,117641,0.27494657919419074,convex_hull
uniform,4,8,10,117741,0.2639002659734826,convex_hull
uniform,4,8,10,117841,0.2895551667099623,convex_hull
uniform,4,8,10,117941,0.28679226417823966,convex_hull
uniform,4,8,10,118041,0.2536291835210664,convex_hull
uniform,4,8,10,118141,0.284439604789413,convex_hull
uniform,4,8,10,118241,0.2745204685687384,convex_hull
uniform,4,8,10,118341,0.2713598376166193,convex_hull
uniform,4,8,10,118441,0.25623995672612654,convex_hull
uniform,4,8,10,118541,0.2617402653910686,convex_hull
uniform,4,8,10,118641,0.25606304708892974,convex_hull
uniform,4,8,10,118741,0.24989718041233588,convex_hull
uniform,4,8,10,118841,0.27257434970780997,convex_hull
uniform,4,8,10,118941,0.2466831783632862,convex_hull
uniform,4,8,10,119041,0.2882897049742045,convex_hull
uniform,4,8,10,119141,0.284661663860935,convex_hull
uniform,4,8,10,119241,0.28069646896012224,convex_hull
uniform,4,8,10,119341,0.25781674489237544,convex_hull
uniform,4,8,10,119441,0.265615497217785,convex_hull
uniform,4,8,10,119541,0.2901937910748078,convex_hull
uniform,4,8,10,119641,0.3004611196863685,convex_hull
uniform,4,8,10,119741,0.3118058965393381,convex_hull
uniform,4,8,10,119841,0.3422029682563726,convex_hull
uniform,4,8,10,119941,0.32596655662107094,convex_hull
uniform,4,8,10,120041,0.26541354459393823,convex_hull
uniform,4,8,10,120141,0.26544829988216195,convex_hull
uniform,4,8,10,120241,0.3029031823765231,convex_hull
uniform,4,8,10,120341,0.24615593831923166,convex_hull
uniform,4,8,10,120441,0.24879541761881319,convex_hull
uniform,4,8,30,117561,0.20360435957038994,convex_hull
uniform,4,8,30,117661,0.23371112563382582,convex_hull
uniform,4,8,30,117761,0.23530413834038102,convex_hull
uniform,4,8,30,117861,0.19858747628730422,convex_hull
uniform,4,8,30,117961,0.20215528562452517,convex_hull
uniform,4,8,30,118061,0.22297261058583484,convex_hull
uniform,4,8,30,118161,0.18580248617248624,convex_hull
uniform,4,8,30,118261,0.20313014753820982,convex_hull
uniform,4,8,30,118361,0.21457864287626238,convex_hull
uniform,4,8,30,118461,0.21059632110988888,convex_hull
uniform,4,8,30,118561,0.21556759799787273,convex_hull
uniform,4,8,30,118661,0.2168241143299482,convex_hull
uniform,4,8,30,118761,0.2175184923760979,convex_hull
uniform,4,8,30,118861,0.2225860885278881,convex_hull
uniform,4,8,30,118961,0.22662894057959726,convex_hull
uniform,4,8,30,119061,0.254139152423047,convex_hull
uniform,4,8,30,119161,0.24025427472933408,convex_hull
uniform,4,8,30,119261,0.21467177517781943,convex_hull
uniform,4,8,30,119361,0.19801360358873654,convex_hull
uniform,4,8,30,119461,0.22313897859941778,convex_hull
uniform,4,8,30,119561,0.23207525283790092,convex_hull
uniform,4,8,30,119661,0.2153719451864645,convex_hull
uniform,4,8,30,119761,0.18975671810591585,convex_hull
uniform,4,8,30,119861,0.2227426172456923,convex_hull
uniform,4,8,30,119961,0.24867506707567114,convex_hull
uniform,4,8,30,120061,0.23713873657786075,convex_hull
uniform,4,8,30,120161,0.19344719003894317,convex_hull
uniform,4,8,30,120261,0.2430882312258321,convex_hull
uniform,4,8,30,120361,0.19575866869888925,convex_hull
uniform,4,8,30,120461,0.2041459746250173,convex_hull
uniform,4,8,100,117631,0.21023908071067962,convex_hull
uniform,4,8,100,117731,0.17515007921433587,convex_hull
uniform,4,8,100,117831,0.1928603313773998,convex_hull
uniform,4,8,100,117931,0.15389767745900193,convex_hull
uniform,4,8,100,118031,0.15808274955598,convex_hull
uniform,4,8,100,118131,0.15570205623332628,convex_hull
uniform,4,8,100,118231,0.15064471116464107,convex_hull
uniform,4,8,100,118331,0.17524778688871315,convex_hull
uniform,4,8,100,118431,0.17370147189799792,convex_hull
uniform,4,8,100,118531,0.19340295510135705,convex_hull
uniform,4,8,100,118631,0.15146740968484765,convex_hull
uniform,4,8,100,118731,0.17122592883135185,convex_hull
uniform,4,8,100,118831,0.16626672547794827,convex_hull
uniform,4,8,100,118931,0.16541672199064913,convex_hull
uniform,4,8,100,119031,0.16518010089051324,convex_hull
uniform,4,8,100,119131,0.17812594948378171,convex_hull
uniform,4,8,100,119231,0.1441612701250657,convex_hull
uniform,4,8,100,119331,0.1638681467185764,convex_hull
uniform,4,8,100,119431,0.1776366510618598,convex_hull
uniform,4,8,100,119531,0.17407565041965825,convex_hull
uniform,4,8,100,119631,0.19395395561372797,convex_hull
uniform,4,8,100,119731,0.1652505219426833,convex_hull
uniform,4,8,100,119831,0.17120055176528387,convex_hull
uniform,4,8,100,119931,0.1590382338416248,convex_hull
uniform,4,8,100,120031,0.1794142582621607,convex_hull
uniform,4,8,100,120131,0.19692045813258327,convex_hull
uniform,4,8,100,120231,0.165698361649092,convex_hull
uniform,4,8,100,120331,0.15625998153712078,convex_hull
uniform,4,8,100,120431,0.19120803970029737,convex_hull
uniform,4,8,100,120531,0.1752734493446439,convex_hull
uniform,4,8,300,117831,0.15435447204515124,convex_hull
uniform,4,8,300,117931,0.14948710778128693,convex_hull
uniform,4,8,300,118031,0.17294427511878685,convex_hull
uniform,4,8,300,118131,0.14148203348683075,convex_hull
uniform,4,8,300,118231,0.14136420885740517,convex_hull
uniform,4,8,300,118331,0.13870335722048333,convex_hull
uniform,4,8,300,118431,0.1615640560200669,convex_hull
uniform,4,8,300,118531,0.14483526367791433,convex_hull
uniform,4,8,300,118631,0.1562917634080528,convex_hull
uniform,4,8,300,118731,0.13832804535642562,convex_hull
uniform,4,8,300,118831,0.14305031467490192,convex_hull
uniform,4,8,300,118931,0.12874240118146849,convex_hull
uniform,4,8,300,119031,0.15223394842939877,convex_hull
uniform,4,8,300,119131,0.1443844650722525,convex_hull
uniform,4,8,300,119231,0.11878916674133337,convex_hull
uniform,4,8,300,119331,0.11822016951865959,convex_hull
uniform,4,8,300,119431,0.13444794153347156,convex_hull
uniform,4,8,300,119531,0.1321688989117812,convex_hull
uniform,4,8,300,119631,0.13981068043271744,convex_hull
uniform,4,8,300,119731,0.1385587499663736,convex_hull
uniform,4,8,300,119831,0.12356920053304982,convex_hull
uniform,4,8,300,119931,0.11941595005745173,convex_hull
uniform,4,8,300,120031,0.12338834418554322,convex_hull
uniform,4,8,300,120131,0.11627044524909584,convex_hull
uniform,4,8,300,120231,0.11977270912726905,convex_hull
uniform,4,8,300,120331,0.11790600528789646,convex_hull
uniform,4,8,300,120431,0.11393830829472677,convex_hull
uniform,4,8,300,120531,0.10693316817800304,convex_hull
uniform,4,8,300,120631,0.13366993435488062,convex_hull
uniform,4,8,300,120731,0.12035714449367049,convex_hull
uniform,4,8,1000,118531,0.09559233947824364,convex_hull
uniform,4,8,1000,118631,0.1293539450340854,convex_hull
uniform,4,8,1000,118731,0.0953934504661368,convex_hull
uniform,4,8,1000,118831,0.11409007185823908,convex_hull
uniform,4,8,1000,118931,0.10494812049254723,convex_hull
uniform,4,8,1000,119031,0.13202044815694558,convex_hull
uniform,4,8,1000,119131,0.1364601149372372,convex_hull
uniform,4,8,1000,119231,0.09062148094307268,convex_hull
uniform,4,8,1000,119331,0.0793529688998814,convex_hull
uniform,4,8,1000,119431,0.10154826613072507,convex_hull
uniform,4,8,1000,119531,0.09033091896210867,convex_hull
uniform,4,8,1000,119631,0.09067648145207736,convex_hull
uniform,4,8,1000,119731,0.09821440177801373,convex_hull
uniform,4,8,1000,119831,0.10202181265295573,convex_hull
uniform,4,8,1000,119931,0.09750234029739109,convex_hull
uniform,4,8,1000,120031,0.09499487549665164,convex_hull
uniform,4,8,1000,120131,0.09604055194061349,convex_hull
uniform,4,8,1000,120231,0.10487844511089095,convex_hull
uniform,4,8,1000,120331,0.08287478091177636,convex_hull
uniform,4,8,1000,120431,0.10123298116837294,convex_hull
uniform,4,8,1000,120531,0.09594280893823236,convex_hull
uniform,4,8,1000,120631,0.10824522592111241,convex_hull
uniform,4,8,1000,120731,0.08687605786123595,convex_hull
uniform,4,8,1000,120831,0.12192954657456347,convex_hull
uniform,4,8,1000,120931,0.11483805614490308,convex_hull
uniform,4,8,1000,121031,0.09127323999669953,convex_hull
uniform,4,8,1000,121131,0.08936580874341563,convex_hull
uniform,4,8,1000,121231,0.08667536689645702,convex_hull
uniform,4,8,1000,121331,0.10560643181879281,convex_hull
uniform,4,8,1000,121431,0.10264075156955091,convex_hull
uniform,4,8,3000,120531,0.08692224521872086,convex_hull
uniform,4,8,3000,120631,0.07340506720315822,convex_hull
uniform,4,8,3000,120731,0.07001480382441422,convex_hull
uniform,4,8,3000,120831,0.07479924152012522,convex_hull
uniform,4,8,3000,120931,0.10280493911526238,convex_hull
uniform,4,8,3000,121031,0.07291288981919057,convex_hull
uniform,4,8,3000,121131,0.08063243400369349,convex_hull
uniform,4,8,3000,121231,0.0807154243593899,convex_hull
uniform,4,8,3000,121331,0.08519661430522643,convex_hull
uniform,4,8,3000,121431,0.08225493323638797,convex_hull
uniform,4,8,3000,121531,0.06910852499196707,convex_hull
uniform,4,8,3000,121631,0.09757876749936753,convex_hull
uniform,4,8,3000,121731,0.08720202433928496,convex_hull
uniform,4,8,3000,121831,0.0745810767388586,convex_hull
uniform,4,8,3000,121931,0.07425702930951328,convex_hull
uniform,4,8,3000,122031,0.08838920930991795,convex_hull
uniform,4,8,3000,122131,0.10392792791437999,convex_hull
uniform,4,8,3000,122231,0.0646230454666547,convex_hull
uniform,4,8,3000,122331,0.0937589503105673,convex_hull
uniform,4,8,3000,122431,0.0644941304086191,convex_hull
uniform,4,8,3000,122531,0.07270233962325101,convex_hull
uniform,4,8,3000,122631,0.10485587434745236,convex_hull
uniform,4,8,3000,122731,0.0832354924069485,convex_hull
uniform,4,8,3000,122831,0.07791949902682078,convex_hull
uniform,4,8,3000,122931,0.06625681663095283,convex_hull
uniform,4,8,3000,123031,0.09422336191467075,convex_hull
uniform,4,8,3000,123131,0.08378762149806,convex_hull
uniform,4,8,3000,123231,0.06529642738960093,convex_hull
uniform,4,8,3000,123331,0.06929087144749313,convex_hull
uniform,4,8,3000,123431,0.07757695219004596,convex_hull
adversarial,4,8,1,617532,0.5454163145983055,convex_hull
adversarial,4,8,3,617534,0.43451665210657253,convex_hull
adversarial,4,8,10,617541,0.32733419710210443,convex_hull
adversarial,4,8,30,617561,0.2330766705801463,convex_hull
adversarial,4,8,100,617631,0.18961969239965168,convex_hull
adversarial,4,8,300,617831,0.12998417610926913,convex_hull
adversarial,4,8,1000,618531,0.12047588185861448,convex_hull
adversarial,4,8,3000,620531,0.05933024506528328,convex_hull
adversarial,4,8,1,617632,0.5112320855893854,convex_hull
adversarial,4,8,3,617634,0.37643915232381564,convex_hull
adversarial,4,8,10,617641,0.29236833509866345,convex_hull
adversarial,4,8,30,617661,0.2510384521600705,convex_hull
adversarial,4,8,100,617731,0.18093434179720408,convex_hull
adversarial,4,8,300,617931,0.1189437183697635,convex_hull
adversarial,4,8,1000,618631,0.1157430985097316,convex_hull
adversarial,4,8,3000,620631,0.06993213807743014,convex_hull
adversarial,4,8,1,617732,0.4619764146478412,convex_hull
adversarial,4,8,3,617734,0.41307176248997307,convex_hull
adversarial,4,8,10,617741,0.2780641756924803,convex_hull
adversarial,4,8,30,617761,0.23644845803548173,convex_hull
adversarial,4,8,100,617831,0.16078996031779572,convex_hull
adversarial,4,8,300,618031,0.13180876552421197,convex_hull
adversarial,4,8,1000,618731,0.11033754962241218,convex_hull
adversarial,4,8,3000,620731,0.058596422637790344,convex_hull
adversarial,4,8,1,617832,0.5061719203716011,convex_hull
adversarial,4,8,3,617834,0.37748908186590574,convex_hull
adversarial,4,8,10,617841,0.37020364292591856,convex_hull
adversarial,4,8,30,617861,0.27992047145227694,convex_hull
adversarial,4,8,100,617931,0.19113936792655498,convex_hull
adversarial,4,8,300,618131,0.15150527919507217,convex_hull
adversarial,4,8,1000,618831,0.09153413943836046,convex_hull
adversarial,4,8,3000,620831,0.08115967966423773,convex_hull
adversarial,4,8,1,617932,0.3972857182422697,convex_hull
adversarial,4,8,3,617934,0.40695809656909293,convex_hull
adversarial,4,8,10,617941,0.283502810989287,convex_hull
adversarial,4,8,30,617961,0.258690331526147,convex_hull
adversarial,4,8,100,618031,0.1747524586521773,convex_hull
adversarial,4,8,300,618231,0.1719377453474171,convex_hull
adversarial,4,8,1000,618931,0.0965795692819781,convex_hull
adversarial,4,8,3000,620931,0.07290658108795713,convex_hull
adversarial,4,8,1,618032,0.41026150461386784,convex_hull
adversarial,4,8,3,618034,0.44105344646281175,convex_hull
adversarial,4,8,10,618041,0.33162105951811954,convex_hull
adversarial,4,8,30,618061,0.28510242780408773,convex_hull
adversarial,4,8,100,618131,0.19184184379066013,convex_hull
adversarial,4,8,300,618331,0.13462076266078132,convex_hull
adversarial,4,8,1000,619031,0.11297865823217998,convex_hull
adversarial,4,8,3000,621031,0.06883163265961699,convex_hull
adversarial,4,8,1,618132,0.4824120294037266,convex_hull
adversarial,4,8,3,618134,0.4016197574062113,convex_hull
adversarial,4,8,10,618141,0.24433823295022902,convex_hull
adversarial,4,8,30,618161,0.22684939668388737,convex_hull
adversarial,4,8,100,618231,0.1806339594244261,convex_hull
adversarial,4,8,300,618431,0.12570173713017793,convex_hull
adversarial,4,8,1000,619131,0.1090842924224229,convex_hull
adversarial,4,8,3000,621131,0.07364385493331571,convex_hull
adversarial,4,8,1,618232,0.41845031481399203,convex_hull
adversarial,4,8,3,618234,0.3762849960039263,convex_hull
adversarial,4,8,10,618241,0.3539560421155809,convex_hull
adversarial,4,8,30,618261,0.23305761233330496,convex_hull
adversarial,4,8,100,618331,0.17243507716791007,convex_hull
adversarial,4,8,300,618531,0.12654620680093115,convex_hull
adversarial,4,8,1000,619231,0.08447037769597382,convex_hull
adversarial,4,8,3000,621231,0.060346654274293414,convex_hull
adversarial,4,8,1,618332,0.5973080084372178,convex_hull
adversarial,4,8,3,618334,0.39123847667324363,convex_hull
adversarial,4,8,10,618341,0.28985904385201444,convex_hull
adversarial,4,8,30,618361,0.21894239207808874,convex_hull
adversarial,4,8,100,618431,0.158501495395941,convex_hull
adversarial,4,8,300,618631,0.12104845535606201,convex_hull
adversarial,4,8,1000,619331,0.09919690684046627,convex_hull
adversarial,4,8,3000,621331,0.06185343780967178,convex_hull
adversarial,4,8,1,618432,0.42338220071857585,convex_hull
adversarial,4,8,3,618434,0.3264911358976075,convex_hull
adversarial,4,8,10,618441,0.26496069557284435,convex_hull
adversarial,4,8,30,618461,0.21985920243638415,convex_hull
adversarial,4,8,100,618531,0.19247489823225442,convex_hull
adversarial,4,8,300,618731,0.13024886737145275,convex_hull
adversarial,4,8,1000,619431,0.10035662100465038,convex_hull
adversarial,4,8,3000,621431,0.08155397800676348,convex_hull
adversarial,4,8,1,618532,0.44424616311265364,convex_hull
adversarial,4,8,3,618534,0.42139489558533094,convex_hull
adversarial,4,8,10,618541,0.26666688181347964,convex_hull
adversarial,4,8,30,618561,0.21798270277403728,convex_hull
adversarial,4,8,100,618631,0.1619783933924897,convex_hull
adversarial,4,8,300,618831,0.13461252999323964,convex_hull
adversarial,4,8,1000,619531,0.09590040907475958,convex_hull
adversarial,4,8,3000,621531,0.055870317640459514,convex_hull
adversarial,4,8,1,618632,0.3799804172083035,convex_hull
adversarial,4,8,3,618634,0.3803858859660897,convex_hull
adversarial,4,8,10,618641,0.2723968680988943,convex_hull
adversarial,4,8,30,618661,0.2642628792699122,convex_hull
adversarial,4,8,100,618731,0.153972199514461,convex_hull
adversarial,4,8,300,618931,0.12872226188730784,convex_hull
adversarial,4,8,1000,619631,0.09530179211630303,convex_hull
adversarial,4,8,3000,621631,0.07772790697092015,convex_hull
adversarial,4,8,1,618732,0.5085913245979652,convex_hull
adversarial,4,8,3,618734,0.38981537338072364,convex_hull
adversarial,4,8,10,618741,0.33304226988830016,convex_hull
adversarial,4,8,30,618761,0.2770225019255387,convex_hull
adversarial,4,8,100,618831,0.2139670133872908,convex_hull
adversarial,4,8,300,619031,0.13612335625456348,convex_hull
adversarial,4,8,1000,619731,0.0872185793321954,convex_hull
adversarial,4,8,3000,621731,0.08766217218357794,convex_hull
adversarial,4,8,1,618832,0.4738462192258068,convex_hull
adversarial,4,8,3,618834,0.38608356388124687,convex_hull
adversarial,4,8,10,618841,0.32814368903853663,convex_hull
adversarial,4,8,30,618861,0.23702788033005542,convex_hull
adversarial,4,8,100,618931,0.1723491058531328,convex_hull
adversarial,4,8,300,619131,0.1175195681719665,convex_hull
adversarial,4,8,1000,619831,0.08650555037738895,convex_hull
adversarial,4,8,3000,621831,0.05985490075282359,convex_hull
adversarial,4,8,1,618932,0.3818021201527784,convex_hull
adversarial,4,8,3,618934,0.3183850821293315,convex_hull
adversarial,4,8,10,618941,0.2698581439936005,convex_hull
adversarial,4,8,30,618961,0.2397090970585208,convex_hull
adversarial,4,8,100,619031,0.18802464672513097,convex_hull
adversarial,4,8,300,619231,0.1376764786030435,convex_hull
adversarial,4,8,1000,619931,0.09820721074691098,convex_hull
adversarial,4,8,3000,621931,0.057552011072033,convex_hull
adversarial,4,8,1,619032,0.5149804988712056,convex_hull
adversarial,4,8,3,619034,0.31877436878445203,convex_hull
adversarial,4,8,10,619041,0.33424260744123185,convex_hull
adversarial,4,8,30,619061,0.25332886640017854,convex_hull
adversarial,4,8,100,619131,0.1662285764612802,convex_hull
adversarial,4,8,300,619331,0.13445533243266677,convex_hull
adversarial,4,8,1000,620031,0.12722153673378547,convex_hull
adversarial,4,8,3000,622031,0.08963513942608162,convex_hull
adversarial,4,8,1,619132,0.40018221493301304,convex_hull
adversarial,4,8,3,619134,0.38595342349804795,convex_hull
adversarial,4,8,10,619141,0.40010045844925873,convex_hull
adversarial,4,8,30,619161,0.22454897682263256,convex_hull
adversarial,4,8,100,619231,0.17168662903197904,convex_hull
adversarial,4,8,300,619431,0.13090479559923937,convex_hull
adversarial,4,8,1000,620131,0.11905570456701814,convex_hull
adversarial,4,8,3000,622131,0.0921464471337256,convex_hull
adversarial,4,8,1,619232,0.4568923056332666,convex_hull
adversarial,4,8,3,619234,0.47094001992977547,convex_hull
adversarial,4,8,10,619241,0.2532110762570945,convex_hull
adversarial,4,8,30,619261,0.24098512323061602,convex_hull
adversarial,4,8,100,619331,0.162116206243315,convex_hull
adversarial,4,8,300,619531,0.1503028729662271,convex_hull
adversarial,4,8,1000,620231,0.12954432623353132,convex_hull
adversarial,4,8,3000,622231,0.06324860149709936,convex_hull
adversarial,4,8,1,619332,0.4776325527171376,convex_hull
adversarial,4,8,3,619334,0.35255094422167743,convex_hull
adversarial,4,8,10,619341,0.27079053982678203,convex_hull
adversarial,4,8,30,619361,0.20803742949082668,convex_hull
adversarial,4,8,100,619431,0.18291491666316256,convex_hull
adversarial,4,8,300,619631,0.14063459319457525,convex_hull
adversarial,4,8,1000,620331,0.08944856095850812,convex_hull
adversarial,4,8,3000,622331,0.06403811654487439,convex_hull
adversarial,4,8,1,619432,0.46346808772659903,convex_hull
adversarial,4,8,3,619434,0.3875241180909933,convex_hull
adversarial,4,8,10,619441,0.3103303134043527,convex_hull
adversarial,4,8,30,619461,0.248862088352161,convex_hull
adversarial,4,8,100,619531,0.17113985374445861,convex_hull
adversarial,4,8,300,619731,0.13618875793405383,convex_hull
adversarial,4,8,1000,620431,0.0908539819841373,convex_hull
adversarial,4,8,3000,622431,0.06412353292996145,convex_hull
adversarial,4,8,1,619532,0.45740386278738415,convex_hull
adversarial,4,8,3,619534,0.4016224962078974,convex_hull
adversarial,4,8,10,619541,0.29438061193150256,convex_hull
adversarial,4,8,30,619561,0.22833991550367574,convex_hull
adversarial,4,8,100,619631,0.158231183360702,convex_hull
adversarial,4,8,300,619831,0.14872408712510143,convex_hull
adversarial,4,8,1000,620531,0.09078249763256538,convex_hull
adversarial,4,8,3000,622531,0.06655741263571767,convex_hull
adversarial,4,8,1,619632,0.39005252747615654,convex_hull
adversarial,4,8,3,619634,0.3517062448909417,convex_hull
adversarial,4,8,10,619641,0.3008625437622928,convex_hull
adversarial,4,8,30,619661,0.2533533237712871,convex_hull
adversarial,4,8,100,619731,0.1982545816121552,convex_hull
adversarial,4,8,300,619931,0.12720965187694083,convex_hull
adversarial,4,8,1000,620631,0.09560494600572145,convex_hull
adversarial,4,8,3000,622631,0.0658680905774454,convex_hull
adversarial,4,8,1,619732,0.47149065236475396,convex_hull
adversarial,4,8,3,619734,0.41638332168197867,convex_hull
adversarial,4,8,10,619741,0.28686691522413194,convex_hull
adversarial,4,8,30,619761,0.25058607033272756,convex_hull
adversarial,4,8,100,619831,0.17986273276168233,convex_hull
adversarial,4,8,300,620031,0.1531174028874197,convex_hull
adversarial,4,8,1000,620731,0.10092991922498402,convex_hull
adversarial,4,8,3000,622731,0.07307680316026381,convex_hull
adversarial,4,8,1,619832,0.4785583595425504,convex_hull
adversarial,4,8,3,619834,0.367354941034384,convex_hull
adversarial,4,8,10,619841,0.2905288310631517,convex_hull
adversarial,4,8,30,619861,0.22623520451500928,convex_hull
adversarial,4,8,100,619931,0.17126073242025333,convex_hull
adversarial,4,8,300,620131,0.1411281529481789,convex_hull
adversarial,4,8,1000,620831,0.09068889053240611,convex_hull
adversarial,4,8,3000,622831,0.06425752325070896,convex_hull
adversarial,4,8,1,619932,0.4764419637794265,convex_hull
adversarial,4,8,3,619934,0.38994471969715344,convex_hull
adversarial,4,8,10,619941,0.2806538977544458,convex_hull
adversarial,4,8,30,619961,0.21177196486166905,convex_hull
adversarial,4,8,100,620031,0.16583011855463653,convex_hull
adversarial,4,8,300,620231,0.11785928747835146,convex_hull
adversarial,4,8,1000,620931,0.09579309181054621,convex_hull
adversarial,4,8,3000,622931,0.065129681992356,convex_hull
adversarial,4,8,1,620032,0.524502941598582,convex_hull
adversarial,4,8,3,620034,0.3640868769807501,convex_hull
adversarial,4,8,10,620041,0.2692232987604218,convex_hull
adversarial,4,8,30,620061,0.21076742483025518,convex_hull
adversarial,4,8,100,620131,0.14891601111721467,convex_hull
adversarial,4,8,300,620331,0.12185471604380006,convex_hull
adversarial,4,8,1000,621031,0.0912849877167981,convex_hull
adversarial,4,8,3000,623031,0.06559492241218506,convex_hull
adversarial,4,8,1,620132,0.3733802691390715,convex_hull
adversarial,4,8,3,620134,0.3472307256365351,convex_hull
adversarial,4,8,10,620141,0.25856909844259224,convex_hull
adversarial,4,8,30,620161,0.22333390494120156,convex_hull
adversarial,4,8,100,620231,0.1497872047709341,convex_hull
adversarial,4,8,300,620431,0.11925661813032326,convex_hull
adversarial,4,8,1000,621131,0.0967328733258151,convex_hull
adversarial,4,8,3000,623131,0.06634660295710806,convex_hull
adversarial,4,8,1,620232,0.4450799402954353,convex_hull
adversarial,4,8,3,620234,0.3812253347380572,convex_hull
adversarial,4,8,10,620241,0.3308188608821429,convex_hull
adversarial,4,8,30,620261,0.20352274510787802,convex_hull
adversarial,4,8,100,620331,0.15905403627479986,convex_hull
adversarial,4,8,300,620531,0.17244667469925073,convex_hull
adversarial,4,8,1000,621231,0.10651648038877758,convex_hull
adversarial,4,8,3000,623231,0.085584370894135,convex_hull
adversarial,4,8,1,620332,0.47544193695812625,convex_hull
adversarial,4,8,3,620334,0.40514360367646296,convex_hull
adversarial,4,8,10,620341,0.33071670818375587,convex_hull
adversarial,4,8,30,620361,0.2523709034270721,convex_hull
adversarial,4,8,100,620431,0.15788649481858447,convex_hull
adversarial,4,8,300,620631,0.18119929893518244,convex_hull
adversarial,4,8,1000,621331,0.11622160856860102,convex_hull
adversarial,4,8,3000,623331,0.09374027054440931,convex_hull
adversarial,4,8,1,620432,0.44264577870858157,convex_hull
adversarial,4,8,3,620434,0.42561846099407846,convex_hull
adversarial,4,8,10,620441,0.37684106823976776,convex_hull
adversarial,4,8,30,620461,0.2362114663319532,convex_hull
adversarial,4,8,100,620531,0.17580473855879675,convex_hull
adversarial,4,8,300,620731,0.1394765830478714,convex_hull
adversarial,4,8,1000,621431,0.08197235654508227,convex_hull
adversarial,4,8,3000,623431,0.06886528926515356,convex_hull
