beta,N,seed_index,seed,estimator,hausdorff,inner_directed,outer_directed,packing_centers,packing_radius,christoffel_degree,christoffel_regularization,christoffel_threshold,grid_resolution
0,1000000,0,20360713,convex_hull,0.000756202948052169,0.000756202948052169,0.0,0,nan,6,1e-06,nan,120
0,1000000,0,20360713,packing,0.04996900517646452,0.001661992007733655,0.04996900517646452,2351,0.05,6,1e-06,nan,120
0,1000000,0,20360713,christoffel,0.006542705608203005,0.006542705608203005,0.0061733313455689,0,nan,6,1e-06,138.63439704629167,120
0,1000000,1,20360714,convex_hull,0.001202164805520139,0.001202164805520139,0.0,0,nan,6,1e-06,nan,120
0,1000000,1,20360714,packing,0.04990913757484039,0.002248933271521099,0.04990913757484039,2372,0.05,6,1e-06,nan,120
0,1000000,1,20360714,christoffel,0.006344391216221092,0.006344391216221092,0.0061733313455689,0,nan,6,1e-06,139.86291434814652,120
0,1000000,2,20360715,convex_hull,0.0009321204610553247,0.0009321204610553247,0.0,0,nan,6,1e-06,nan,120
0,1000000,2,20360715,packing,0.04958144158933475,0.0025489912382796118,0.04958144158933475,2353,0.05,6,1e-06,nan,120
0,1000000,2,20360715,christoffel,0.007731511220630162,0.007731511220630162,0.0061733313455689,0,nan,6,1e-06,137.96229413564436,120
0,1000000,3,20360716,convex_hull,0.0012994248681444354,0.0012994248681444354,0.0,0,nan,6,1e-06,nan,120
0,1000000,3,20360716,packing,0.04996322753134691,0.00035138253202913333,0.04996322753134691,2352,0.05,6,1e-06,nan,120
0,1000000,3,20360716,christoffel,0.0072503747050519365,0.0072503747050519365,0.0061733313455689,0,nan,6,1e-06,139.99292904068605,120
0,1000000,4,20360717,convex_hull,0.0012722437086672854,0.0012722437086672854,0.0,0,nan,6,1e-06,nan,120
0,1000000,4,20360717,packing,0.04999216899971204,0.001784431469936773,0.04999216899971204,2350,0.05,6,1e-06,nan,120
0,1000000,4,20360717,christoffel,0.006947833402362839,0.006947833402362839,0.0061733313455689,0,nan,6,1e-06,139.10415699211475,120
0,1000000,5,20360718,convex_hull,0.0009369958963714704,0.0009369958963714704,0.0,0,nan,6,1e-06,nan,120
0,1000000,5,20360718,packing,0.049989242809474865,0.0015927110157570798,0.049989242809474865,2350,0.05,6,1e-06,nan,120
0,1000000,5,20360718,christoffel,0.0070448938069025795,0.0070448938069025795,0.0061733313455689,0,nan,6,1e-06,139.23715413907203,120
0,1000000,6,20360719,convex_hull,0.0012757248774040368,0.0012757248774040368,0.0,0,nan,6,1e-06,nan,120
0,1000000,6,20360719,packing,0.04967355667444728,0.0020680647891491294,0.04967355667444728,2371,0.05,6,1e-06,nan,120
0,1000000,6,20360719,christoffel,0.006621127600956253,0.006621127600956253,0.0061733313455689,0,nan,6,1e-06,137.91015788509915,120
0,1000000,7,20360720,convex_hull,0.0017559021873066025,0.0017559021873066025,0.0,0,nan,6,1e-06,nan,120
0,1000000,7,20360720,packing,0.04992674328605928,0.0006866726538858059,0.04992674328605928,2357,0.05,6,1e-06,nan,120
0,1000000,7,20360720,christoffel,0.0072594167514242166,0.0072594167514242166,0.0061733313455689,0,nan,6,1e-06,138.38253790079676,120
0,1000000,8,20360721,convex_hull,0.0011478397775081214,0.0011478397775081214,0.0,0,nan,6,1e-06,nan,120
0,1000000,8,20360721,packing,0.04986567066708991,0.0011727248879467578,0.04986567066708991,2361,0.05,6,1e-06,nan,120
0,1000000,8,20360721,christoffel,0.00639997466847205,0.00639997466847205,0.0061733313455689,0,nan,6,1e-06,138.5907191070957,120
0,1000000,9,20360722,convex_hull,0.0015082185454515348,0.0015082185454515348,0.0,0,nan,6,1e-06,nan,120
0,1000000,9,20360722,packing,0.049931949849356894,0.0016588637379126303,0.049931949849356894,2351,0.05,6,1e-06,nan,120
0,1000000,9,20360722,christoffel,0.007211541217895358,0.007211541217895358,0.0061733313455689,0,nan,6,1e-06,138.57340252376991,120
0,1000000,10,20360723,convex_hull,0.0010300356538110093,0.0010300356538110093,0.0,0,nan,6,1e-06,nan,120
0,1000000,10,20360723,packing,0.04998414507244786,0.0018998363613379962,0.04998414507244786,2359,0.05,6,1e-06,nan,120
0,1000000,10,20360723,christoffel,0.00708934294048752,0.00708934294048752,0.0061733313455689,0,nan,6,1e-06,138.61939271786804,120
0,1000000,11,20360724,convex_hull,0.0012191574599998635,0.0012191574599998635,0.0,0,nan,6,1e-06,nan,120
0,1000000,11,20360724,packing,0.04997410479694242,0.0023514338117539973,0.04997410479694242,2342,0.05,6,1e-06,nan,120
0,1000000,11,20360724,christoffel,0.006721257415161496,0.006721257415161496,0.0061733313455689,0,nan,6,1e-06,138.1333997449671,120
0,1000000,12,20360725,convex_hull,0.0011782721920038308,0.0011782721920038308,0.0,0,nan,6,1e-06,nan,120
0,1000000,12,20360725,packing,0.049948494705331914,0.0010097169152969362,0.049948494705331914,2367,0.05,6,1e-06,nan,120
0,1000000,12,20360725,christoffel,0.007313098265426153,0.007313098265426153,0.0061733313455689,0,nan,6,1e-06,138.2621122621838,120
0,1000000,13,20360726,convex_hull,0.000890801940118603,0.000890801940118603,0.0,0,nan,6,1e-06,nan,120
0,1000000,13,20360726,packing,0.04989575408246272,0.0011717248546515846,0.04989575408246272,2360,0.05,6,1e-06,nan,120
0,1000000,13,20360726,christoffel,0.006916021435539518,0.006916021435539518,0.0061733313455689,0,nan,6,1e-06,138.68474271966693,120
0,1000000,14,20360727,convex_hull,0.0008983113505281589,0.0008983113505281589,0.0,0,nan,6,1e-06,nan,120
0,1000000,14,20360727,packing,0.04994929969024097,0.0009293622921121569,0.04994929969024097,2353,0.05,6,1e-06,nan,120
0,1000000,14,20360727,christoffel,0.006715023022481335,0.006715023022481335,0.0061733313455689,0,nan,6,1e-06,140.03998635034372,120
0,1000000,15,20360728,convex_hull,0.0010752277676958182,0.0010752277676958182,0.0,0,nan,6,1e-06,nan,120
0,1000000,15,20360728,packing,0.04998928937673597,0.0008340633914047171,0.04998928937673597,2358,0.05,6,1e-06,nan,120
0,1000000,15,20360728,christoffel,0.0065990326862672985,0.0065990326862672985,0.0061733313455689,0,nan,6,1e-06,139.9353463134172,120
0,1000000,16,20360729,convex_hull,0.0008401357361851662,0.0008401357361851662,0.0,0,nan,6,1e-06,nan,120
0,1000000,16,20360729,packing,0.049950936966201565,0.0010982110799935135,0.049950936966201565,2366,0.05,6,1e-06,nan,120
0,1000000,16,20360729,christoffel,0.006932941569379293,0.006932941569379293,0.0061733313455689,0,nan,6,1e-06,138.09764548108456,120
0,1000000,17,20360730,convex_hull,0.0008461167787547683,0.0008461167787547683,0.0,0,nan,6,1e-06,nan,120
0,1000000,17,20360730,packing,0.04998151312147392,0.0016758707521379312,0.04998151312147392,2354,0.05,6,1e-06,nan,120
0,1000000,17,20360730,christoffel,0.006841519808749807,0.006841519808749807,0.0061733313455689,0,nan,6,1e-06,139.66546000971556,120
0,1000000,18,20360731,convex_hull,0.001221426719683153,0.001221426719683153,0.0,0,nan,6,1e-06,nan,120
0,1000000,18,20360731,packing,0.049995024365690366,0.002056084271041085,0.049995024365690366,2354,0.05,6,1e-06,nan,120
0,1000000,18,20360731,christoffel,0.0063817237869483795,0.0063817237869483795,0.0061733313455689,0,nan,6,1e-06,137.7815252870019,120
0,1000000,19,20360732,convex_hull,0.001314987247314147,0.001314987247314147,0.0,0,nan,6,1e-06,nan,120
0,1000000,19,20360732,packing,0.04992189041872391,0.0018542890902060183,0.04992189041872391,2351,0.05,6,1e-06,nan,120
0,1000000,19,20360732,christoffel,0.006330360146280877,0.006330360146280877,0.0061733313455689,0,nan,6,1e-06,137.65828646519864,120
0,1000000,20,20360733,convex_hull,0.001191532098550814,0.001191532098550814,0.0,0,nan,6,1e-06,nan,120
0,1000000,20,20360733,packing,0.04994057938257068,0.000880289324077653,0.04994057938257068,2355,0.05,6,1e-06,nan,120
0,1000000,20,20360733,christoffel,0.0065160720843164864,0.0065160720843164864,0.0061733313455689,0,nan,6,1e-06,138.6041661788446,120
0,1000000,21,20360734,convex_hull,0.0011160115953170902,0.0011160115953170902,0.0,0,nan,6,1e-06,nan,120
0,1000000,21,20360734,packing,0.049956213901411695,0.0019961147438496904,0.049956213901411695,2366,0.05,6,1e-06,nan,120
0,1000000,21,20360734,christoffel,0.006591683566575936,0.006591683566575936,0.0061733313455689,0,nan,6,1e-06,137.662306926496,120
0,1000000,22,20360735,convex_hull,0.0011288992124357815,0.0011288992124357815,0.0,0,nan,6,1e-06,nan,120
0,1000000,22,20360735,packing,0.04987014431455128,0.0025540583022399532,0.04987014431455128,2352,0.05,6,1e-06,nan,120
0,1000000,22,20360735,christoffel,0.006520446814272818,0.006520446814272818,0.0061733313455689,0,nan,6,1e-06,138.68191461111292,120
0,1000000,23,20360736,convex_hull,0.0012438447689405627,0.0012438447689405627,0.0,0,nan,6,1e-06,nan,120
0,1000000,23,20360736,packing,0.04999501759541514,0.0023408996469713936,0.04999501759541514,2377,0.05,6,1e-06,nan,120
0,1000000,23,20360736,christoffel,0.007407506504755362,0.007407506504755362,0.0061733313455689,0,nan,6,1e-06,139.2281115018043,120
0,1000000,24,20360737,convex_hull,0.0011466948195884494,0.0011466948195884494,0.0,0,nan,6,1e-06,nan,120
0,1000000,24,20360737,packing,0.04991080771858514,0.0009168409779629766,0.04991080771858514,2361,0.05,6,1e-06,nan,120
0,1000000,24,20360737,christoffel,0.006371055908430334,0.006371055908430334,0.0061733313455689,0,nan,6,1e-06,138.31080166259136,120
0,1000000,25,20360738,convex_hull,0.0012452177551970063,0.0012452177551970063,0.0,0,nan,6,1e-06,nan,120
0,1000000,25,20360738,packing,0.049956734554306714,0.0015416915334478531,0.049956734554306714,2374,0.05,6,1e-06,nan,120
0,1000000,25,20360738,christoffel,0.0062962018439254525,0.0062962018439254525,0.006173331345568603,0,nan,6,1e-06,137.92205296809283,120
0,1000000,26,20360739,convex_hull,0.0012143371667193096,0.0012143371667193096,0.0,0,nan,6,1e-06,nan,120
0,1000000,26,20360739,packing,0.04996924243922862,0.0021176295402880185,0.04996924243922862,2380,0.05,6,1e-06,nan,120
0,1000000,26,20360739,christoffel,0.006201746378266702,0.006201746378266702,0.0061733313455689,0,nan,6,1e-06,138.16718061314623,120
0,1000000,27,20360740,convex_hull,0.0010642884334838383,0.0010642884334838383,0.0,0,nan,6,1e-06,nan,120
0,1000000,27,20360740,packing,0.049986823186375706,0.001390030256492189,0.049986823186375706,2347,0.05,6,1e-06,nan,120
0,1000000,27,20360740,christoffel,0.006649674846602882,0.006649674846602882,0.0061733313455689,0,nan,6,1e-06,139.56930949003925,120
0,1000000,28,20360741,convex_hull,0.001032067491992058,0.001032067491992058,0.0,0,nan,6,1e-06,nan,120
0,1000000,28,20360741,packing,0.0498514602565292,0.0038758898779322967,0.0498514602565292,2358,0.05,6,1e-06,nan,120
0,1000000,28,20360741,christoffel,0.0072648631979254025,0.0072648631979254025,0.0061733313455689,0,nan,6,1e-06,138.84491362393632,120
0,1000000,29,20360742,convex_hull,0.0012304713095045423,0.0012304713095045423,0.0,0,nan,6,1e-06,nan,120
0,1000000,29,20360742,packing,0.04995295840023084,0.0036450215819874288,0.04995295840023084,2364,0.05,6,1e-06,nan,120
0,1000000,29,20360742,christoffel,0.006741798622777165,0.006741798622777165,0.0061733313455689,0,nan,6,1e-06,139.19789622871718,120
0,1000000,30,20360743,convex_hull,0.0010464727882469281,0.0010464727882469281,0.0,0,nan,6,1e-06,nan,120
0,1000000,30,20360743,packing,0.049852310694084245,0.0021106888901445894,0.049852310694084245,2358,0.05,6,1e-06,nan,120
0,1000000,30,20360743,christoffel,0.006773256529355218,0.006773256529355218,0.0061733313455689,0,nan,6,1e-06,138.45794595050745,120
0,1000000,31,20360744,convex_hull,0.0011404345160474457,0.0011404345160474457,0.0,0,nan,6,1e-06,nan,120
0,1000000,31,20360744,packing,0.0499951747814551,0.0006638311141131115,0.0499951747814551,2371,0.05,6,1e-06,nan,120
0,1000000,31,20360744,christoffel,0.007134123875234247,0.007134123875234247,0.0061733313455689,0,nan,6,1e-06,137.8584833401082,120
0,1000000,32,20360745,convex_hull,0.001333529287011056,0.001333529287011056,0.0,0,nan,6,1e-06,nan,120
0,1000000,32,20360745,packing,0.04998840835882179,0.0015522450301799565,0.04998840835882179,2360,0.05,6,1e-06,nan,120
0,1000000,32,20360745,christoffel,0.007338834524075901,0.007338834524075901,0.0061733313455689,0,nan,6,1e-06,138.0891625316911,120
0,1000000,33,20360746,convex_hull,0.0012209667382989398,0.0012209667382989398,0.0,0,nan,6,1e-06,nan,120
0,1000000,33,20360746,packing,0.0499960584545065,0.0010984942221782812,0.0499960584545065,2358,0.05,6,1e-06,nan,120
0,1000000,33,20360746,christoffel,0.007077457739295512,0.007077457739295512,0.0061733313455689,0,nan,6,1e-06,138.34746526533442,120
0,1000000,34,20360747,convex_hull,0.0014179820020900505,0.0014179820020900505,0.0,0,nan,6,1e-06,nan,120
0,1000000,34,20360747,packing,0.049954718395577524,0.002031403706941548,0.049954718395577524,2378,0.05,6,1e-06,nan,120
0,1000000,34,20360747,christoffel,0.006709766215875855,0.006709766215875855,0.0061733313455689,0,nan,6,1e-06,139.77654860870976,120
0,1000000,35,20360748,convex_hull,0.0010457202768842705,0.0010457202768842705,0.0,0,nan,6,1e-06,nan,120
0,1000000,35,20360748,packing,0.04998711393141253,0.002213837683536113,0.04998711393141253,2335,0.05,6,1e-06,nan,120
0,1000000,35,20360748,christoffel,0.006839189607579787,0.006839189607579787,0.0061733313455689,0,nan,6,1e-06,138.3123797473875,120
0,1000000,36,20360749,convex_hull,0.0010215353267319614,0.0010215353267319614,0.0,0,nan,6,1e-06,nan,120
0,1000000,36,20360749,packing,0.04989123496747139,0.002017757715363465,0.04989123496747139,2368,0.05,6,1e-06,nan,120
0,1000000,36,20360749,christoffel,0.0061733313455689,0.006023759396446354,0.0061733313455689,0,nan,6,1e-06,138.53362804944106,120
0,1000000,37,20360750,convex_hull,0.0009746989536920398,0.0009746989536920398,0.0,0,nan,6,1e-06,nan,120
0,1000000,37,20360750,packing,0.049927812759921864,0.003324798841495412,0.049927812759921864,2362,0.05,6,1e-06,nan,120
0,1000000,37,20360750,christoffel,0.007354467180370123,0.007354467180370123,0.0061733313455689,0,nan,6,1e-06,138.09869259927,120
0,1000000,38,20360751,convex_hull,0.001262656887530268,0.001262656887530268,0.0,0,nan,6,1e-06,nan,120
0,1000000,38,20360751,packing,0.049878268291549455,0.0015127223011657809,0.049878268291549455,2356,0.05,6,1e-06,nan,120
0,1000000,38,20360751,christoffel,0.007053604676276775,0.007053604676276775,0.0061733313455689,0,nan,6,1e-06,138.23195690984454,120
0,1000000,39,20360752,convex_hull,0.0009849463135268451,0.0009849463135268451,0.0,0,nan,6,1e-06,nan,120
0,1000000,39,20360752,packing,0.049889089943480514,0.002519653878083998,0.049889089943480514,2336,0.05,6,1e-06,nan,120
0,1000000,39,20360752,christoffel,0.006677176290905225,0.006677176290905225,0.0061733313455689,0,nan,6,1e-06,138.33213573553394,120
0,1000000,40,20360753,convex_hull,0.0013933274677325243,0.0013933274677325243,0.0,0,nan,6,1e-06,nan,120
0,1000000,40,20360753,packing,0.04999733376678672,0.003572810595051365,0.04999733376678672,2353,0.05,6,1e-06,nan,120
0,1000000,40,20360753,christoffel,0.007091394561512404,0.007091394561512404,0.0061733313455689,0,nan,6,1e-06,138.6062806355245,120
0,1000000,41,20360754,convex_hull,0.0007855975144034901,0.0007855975144034901,0.0,0,nan,6,1e-06,nan,120
0,1000000,41,20360754,packing,0.04998266840582577,0.0015743501763024262,0.04998266840582577,2344,0.05,6,1e-06,nan,120
0,1000000,41,20360754,christoffel,0.006580660625106235,0.006580660625106235,0.0061733313455689,0,nan,6,1e-06,138.62377235093587,120
0,1000000,42,20360755,convex_hull,0.0012296576160125687,0.0012296576160125687,0.0,0,nan,6,1e-06,nan,120
0,1000000,42,20360755,packing,0.04994084636586216,0.0009581519361843427,0.04994084636586216,2340,0.05,6,1e-06,nan,120
0,1000000,42,20360755,christoffel,0.006755587695090989,0.006755587695090989,0.0061733313455689,0,nan,6,1e-06,139.6084266339305,120
0,1000000,43,20360756,convex_hull,0.0010990991779431226,0.0010990991779431226,0.0,0,nan,6,1e-06,nan,120
0,1000000,43,20360756,packing,0.049994139428457984,0.0016233420691500675,0.049994139428457984,2359,0.05,6,1e-06,nan,120
0,1000000,43,20360756,christoffel,0.00655979738905338,0.00655979738905338,0.0061733313455689,0,nan,6,1e-06,138.79762080570293,120
0,1000000,44,20360757,convex_hull,0.0009310562275083934,0.0009310562275083934,0.0,0,nan,6,1e-06,nan,120
0,1000000,44,20360757,packing,0.049993903194153866,0.0013634932069260877,0.049993903194153866,2364,0.05,6,1e-06,nan,120
0,1000000,44,20360757,christoffel,0.0070998836945924335,0.0070998836945924335,0.0061733313455689,0,nan,6,1e-06,139.15382796973182,120
0,1000000,45,20360758,convex_hull,0.0009282073962460652,0.0009282073962460652,0.0,0,nan,6,1e-06,nan,120
0,1000000,45,20360758,packing,0.04998721118634908,0.0016719842282074474,0.04998721118634908,2347,0.05,6,1e-06,nan,120
0,1000000,45,20360758,christoffel,0.00641961310253942,0.00641961310253942,0.0061733313455689,0,nan,6,1e-06,137.93558758626605,120
0,1000000,46,20360759,convex_hull,0.0009465300623795845,0.0009465300623795845,0.0,0,nan,6,1e-06,nan,120
0,1000000,46,20360759,packing,0.049983785217174725,0.002215894627703427,0.049983785217174725,2346,0.05,6,1e-06,nan,120
0,1000000,46,20360759,christoffel,0.006982660102112817,0.006982660102112817,0.0061733313455689,0,nan,6,1e-06,139.62453255624246,120
0,1000000,47,20360760,convex_hull,0.0009802702540742535,0.0009802702540742535,0.0,0,nan,6,1e-06,nan,120
0,1000000,47,20360760,packing,0.04980475569211973,0.0020949772375151512,0.04980475569211973,2381,0.05,6,1e-06,nan,120
0,1000000,47,20360760,christoffel,0.006175713057158932,0.006175713057158932,0.0061733313455689,0,nan,6,1e-06,138.63471544788814,120
0,1000000,48,20360761,convex_hull,0.0010149007291040753,0.0010149007291040753,0.0,0,nan,6,1e-06,nan,120
0,1000000,48,20360761,packing,0.049965415568503424,0.001669080998702048,0.049965415568503424,2357,0.05,6,1e-06,nan,120
0,1000000,48,20360761,christoffel,0.007923384885081425,0.007923384885081425,0.0061733313455689,0,nan,6,1e-06,139.12306038814444,120
0,1000000,49,20360762,convex_hull,0.0009570804822033322,0.0009570804822033322,0.0,0,nan,6,1e-06,nan,120
0,1000000,49,20360762,packing,0.04998486413232239,0.0024629436530271276,0.04998486413232239,2362,0.05,6,1e-06,nan,120
0,1000000,49,20360762,christoffel,0.006690981113667086,0.006690981113667086,0.0061733313455689,0,nan,6,1e-06,139.12504764655455,120
