beta,N,estimator,n_seeds,hausdorff_mean,hausdorff_std,hausdorff_q05,hausdorff_q95,inner_directed_mean,inner_directed_std,inner_directed_q05,inner_directed_q95,outer_directed_mean,outer_directed_std,outer_directed_q05,outer_directed_q95,packing_centers_mean,packing_centers_std,packing_centers_q05,packing_centers_q95
0,10,christoffel,50,1.3561019134071242,0.21339066014373928,1.1579794019103755,1.7431197243133054,1.3561019134071242,0.21339066014373928,1.1579794019103755,1.7431197243133054,0.0,0.0,0.0,0.0,0.0,0.0,0.0,0.0
0,10,convex_hull,50,1.1458484473062835,0.35358352438154506,0.6177873976906308,1.7331725065378507,1.1458484473062835,0.35358352438154506,0.6177873976906308,1.7331725065378507,0.0,0.0,0.0,0.0,0.0,0.0,0.0,0.0
0,10,packing,50,1.3066167200571315,0.21319607775892443,1.1079794019103755,1.6931197243133054,1.3066167200571315,0.21319607775892443,1.1079794019103755,1.6931197243133054,0.015349309188843583,0.016725532272139538,0.0,0.047128161733822546,9.96,0.1979486637221574,10.0,10.0
0,30,christoffel,50,0.846793395780312,0.17114793822941246,0.6616918344517986,1.1796729884076287,0.846793395780312,0.17114793822941246,0.6616918344517986,1.1796729884076287,0.00027966455981780593,0.0019171896591971892,0.0,0.0,0.0,0.0,0.0,0.0
0,30,convex_hull,50,0.6255604156474782,0.22322958153062272,0.37515047175333355,1.0665746713433581,0.6255604156474782,0.22322958153062272,0.37515047175333355,1.0665746713433581,0.0,0.0,0.0,0.0,0.0,0.0,0.0,0.0
0,30,packing,50,0.8380990510806824,0.15680974676511975,0.6778348078881785,1.1342885405811662,0.8380990510806824,0.15680974676511975,0.6778348078881785,1.1342885405811662,0.031082787167027323,0.01504909114183768,0.0018177361874117455,0.04778914019343283,29.7,0.614451804788759,29.0,30.0
0,100,christoffel,50,0.3054524101924142,0.09448529477028565,0.1786333911572329,0.4663048641192386,0.3054524101924142,0.09448529477028565,0.1786333911572329,0.4663048641192386,0.028747513347391687,0.01641342452744389,0.005385106295200496,0.05735788999756007,0.0,0.0,0.0,0.0
0,100,convex_hull,50,0.3080962954291954,0.09041252813236149,0.19768189608752942,0.48448193424361125,0.3080962954291954,0.09041252813236149,0.19768189608752942,0.48448193424361125,0.0,0.0,0.0,0.0,0.0,0.0,0.0,0.0
0,100,packing,50,0.4675629431325815,0.0647727625424461,0.39390786355812063,0.5833772427007522,0.4675629431325815,0.0647727625424461,0.39390786355812063,0.5833772427007522,0.0435925871569925,0.005183677673112731,0.03361818159774278,0.049413301797742906,95.52,1.8870125401095277,92.45,98.0
0,300,christoffel,50,0.10937512455571916,0.03668582000049273,0.06970664686708715,0.18561490874768588,0.10753273721916717,0.03857918724701557,0.06163224846538927,0.18561490874768588,0.05368970967703028,0.0186749161332128,0.02391935774196499,0.07800209211025076,0.0,0.0,0.0,0.0
0,300,convex_hull,50,0.16667055416051038,0.04568284377716062,0.10949532662095646,0.24257555698117125,0.16667055416051038,0.04568284377716062,0.10949532662095646,0.24257555698117125,0.0,0.0,0.0,0.0,0.0,0.0,0.0,0.0
0,300,packing,50,0.2680093661428688,0.040945979333202105,0.21605576785552996,0.33177250443482065,0.2680093661428688,0.040945979333202105,0.21605576785552996,0.33177250443482065,0.04770387407857909,0.002334980538905715,0.04388399710063168,0.04989939568526697,263.58,5.577249706236424,254.45,271.0
0,1000,christoffel,50,0.05940118695528881,0.015377145198999324,0.042808749043394885,0.09483149548534327,0.05128626075017533,0.014868992447405442,0.03536279168754234,0.0921481363023047,0.04485346700900369,0.01950858340690118,0.020602951459839848,0.07834947283591422,0.0,0.0,0.0,0.0
0,1000,convex_hull,50,0.07517047387591225,0.01858016577816223,0.04957123684495861,0.10751925873399207,0.07517047387591225,0.01858016577816223,0.04957123684495861,0.10751925873399207,0.0,0.0,0.0,0.0,0.0,0.0,0.0,0.0
0,1000,packing,50,0.1392835540032861,0.022592914961027076,0.11255912899046554,0.18924242785958578,0.1392835540032861,0.022592914961027076,0.11255912899046554,0.18924242785958578,0.049182875155371446,0.0008036033799170668,0.04759126854027327,0.04995720995859085,683.3,8.533846179317091,671.45,698.0
0,3000,christoffel,50,0.043928073888856715,0.005104190344230843,0.03618329701276919,0.05340197106212297,0.04284365709808127,0.005064192302646218,0.03368596274786378,0.051412652978155324,0.030599643662108898,0.009293010798567158,0.016810371925273265,0.04774589792613231,0.0,0.0,0.0,0.0
0,3000,convex_hull,50,0.04214124639682229,0.009533113076171544,0.02901786598079511,0.05320243090117731,0.04214124639682229,0.009533113076171544,0.02901786598079511,0.05320243090117731,0.0,0.0,0.0,0.0,0.0,0.0,0.0,0.0
0,3000,packing,50,0.07206768443336449,0.011240679378354625,0.05703349779486666,0.09196530759774556,0.07206768443336449,0.011240679378354625,0.05703349779486666,0.09196530759774556,0.04959008845564336,0.0003277361827342907,0.04906919633383981,0.04998174411881285,1253.78,13.668509913860623,1236.0,1275.2
0,10000,christoffel,50,0.03934193171109748,0.002813266761703588,0.034627460054397444,0.04314615708616706,0.03934193171109748,0.002813266761703588,0.034627460054397444,0.04314615708616706,0.017157900312388327,0.0039706659587054605,0.012038385770751442,0.024136435464440893,0.0,0.0,0.0,0.0
0,10000,convex_hull,50,0.01921814995886055,0.0045476959800488884,0.013184070267540806,0.02658075235223047,0.01921814995886055,0.0045476959800488884,0.013184070267540806,0.02658075235223047,0.0,0.0,0.0,0.0,0.0,0.0,0.0,0.0
0,10000,packing,50,0.049782685566516556,0.0001436129007890105,0.0495291874157699,0.04996085134100402,0.03293429690830949,0.0053469712991363,0.024520859620847196,0.041360355134328286,0.049782685566516556,0.0001436129007890105,0.0495291874157699,0.04996085134100402,1764.7,13.753292741176192,1745.9,1785.65
0,30000,christoffel,50,0.029842150206100412,0.002041485247826782,0.02793400759259035,0.034428105468283385,0.029842150206100412,0.002041485247826782,0.02793400759259035,0.034428105468283385,0.012085518422148606,0.0033501192514687472,0.006173331345568737,0.017021133090228773,0.0,0.0,0.0,0.0
0,30000,convex_hull,50,0.009929066197707125,0.002179048951789632,0.006960857470710759,0.013276810992676275,0.009929066197707125,0.002179048951789632,0.006960857470710759,0.013276810992676275,0.0,0.0,0.0,0.0,0.0,0.0,0.0,0.0
0,30000,packing,50,0.04985248676137977,0.00013639754434173338,0.04958248467987459,0.04999210514153625,0.01608417461533689,0.0032144602260955743,0.012558916915408317,0.022260085618315873,0.04985248676137977,0.00013639754434173338,0.04958248467987459,0.04999210514153625,2036.32,14.34479212900939,2013.8,2055.55
0,100000,christoffel,50,0.020225128410215912,0.0017173922353930365,0.018032702878974367,0.022768902267529652,0.020225128410215912,0.0017173922353930365,0.018032702878974367,0.022768902267529652,0.008224693367169588,0.0015915183234747055,0.0061733313455689,0.010923523265718464,0.0,0.0,0.0,0.0
0,100000,convex_hull,50,0.004749495813937637,0.0007431320634353956,0.0037073783516920265,0.005899035001021262,0.004749495813937637,0.0007431320634353956,0.0037073783516920265,0.005899035001021262,0.0,0.0,0.0,0.0,0.0,0.0,0.0,0.0
0,100000,packing,50,0.049882845355509235,0.00011125443454221387,0.049701214951812935,0.04999804381976079,0.0077945399408318175,0.0020235164258177014,0.005147092374151851,0.011567605061046081,0.049882845355509235,0.00011125443454221387,0.049701214951812935,0.04999804381976079,2210.74,14.102843829583898,2187.8,2229.0
0,300000,christoffel,50,0.012554344466110725,0.0012488737250504992,0.010971538015152136,0.014863805254014617,0.012554344466110725,0.0012488737250504992,0.010971538015152136,0.014863805254014617,0.006748809285434511,0.0011058672233840176,0.0061733313455689,0.009140262949423855,0.0,0.0,0.0,0.0
0,300000,convex_hull,50,0.002474005728866735,0.0004482389145767922,0.0018537029631549694,0.0033781260439788943,0.002474005728866735,0.0004482389145767922,0.0018537029631549694,0.0033781260439788943,0.0,0.0,0.0,0.0,0.0,0.0,0.0,0.0
0,300000,packing,50,0.049932340366582055,5.6117650643686604e-05,0.04982770706568354,0.04999672166566229,0.003984576924862301,0.0010857904568478507,0.002367395034270369,0.0058399915482834465,0.049932340366582055,5.6117650643686604e-05,0.04982770706568354,0.04999672166566229,2301.74,11.861118094386363,2283.9,2322.0
0,1000000,christoffel,50,0.006823320505062847,0.00039904998408077705,0.00624425133781314,0.007383638808782005,0.006820329066080396,0.0004045447989506143,0.00624425133781314,0.007383638808782005,0.006173331345568894,4.195114211009005e-17,0.0061733313455689,0.0061733313455689,0.0,0.0,0.0,0.0
0,1000000,convex_hull,50,0.001118586911819446,0.0001928732237400674,0.0008428272053414872,0.0014068874616291636,0.001118586911819446,0.0001928732237400674,0.0008428272053414872,0.0014068874616291636,0.0,0.0,0.0,0.0,0.0,0.0,0.0,0.0
0,1000000,packing,50,0.049935553840788405,7.936639771508515e-05,0.04982577274610399,0.04999510709436097,0.0018033257664261766,0.0007669003572109712,0.000752998485769316,0.0034612053059511856,0.049935553840788405,7.936639771508515e-05,0.04982577274610399,0.04999510709436097,2358.02,10.737099520934366,2340.9,2377.55
2,10,christoffel,50,1.7633405937113225,0.33699849982894114,1.2091202467355229,2.3198029422005484,1.7633405937113225,0.33699849982894114,1.2091202467355229,2.3198029422005484,0.0,0.0,0.0,0.0,0.0,0.0,0.0,0.0
2,10,convex_hull,50,1.758835711343367,0.34506539438990547,1.2091202467355229,2.315642708925191,1.758835711343367,0.34506539438990547,1.2091202467355229,2.315642708925191,0.0,0.0,0.0,0.0,0.0,0.0,0.0,0.0
2,10,packing,50,1.7142552174754497,0.3373375035892284,1.1591202467355228,2.2698029422005486,1.7142552174754497,0.3373375035892284,1.1591202467355228,2.2698029422005486,0.0,0.0,0.0,0.0,9.96,0.1979486637221574,10.0,10.0
2,30,christoffel,50,1.2821357420562092,0.20481874027491448,1.0328165812812393,1.5499501074210529,1.2821357420562092,0.20481874027491448,1.0328165812812393,1.5499501074210529,0.0,0.0,0.0,0.0,0.0,0.0,0.0,0.0
2,30,convex_hull,50,1.2836006814107166,0.21127640395136904,1.0350420140985102,1.5772823211355482,1.2836006814107166,0.21127640395136904,1.0350420140985102,1.5772823211355482,0.0,0.0,0.0,0.0,0.0,0.0,0.0,0.0
2,30,packing,50,1.2445559043178207,0.20369169548770105,0.9850420140985101,1.5272823211355482,1.2445559043178207,0.20369169548770105,0.9850420140985101,1.5272823211355482,0.0,0.0,0.0,0.0,29.12,0.9822921964383478,27.45,30.0
2,100,christoffel,50,0.8913457731705169,0.16652874032739454,0.6549575858814275,1.1323043113467972,0.8913457731705169,0.16652874032739454,0.6549575858814275,1.1323043113467972,0.0,0.0,0.0,0.0,0.0,0.0,0.0,0.0
2,100,convex_hull,50,0.9098413269952238,0.18919509701297693,0.6391906502509649,1.1700905120138927,0.9098413269952238,0.18919509701297693,0.6391906502509649,1.1700905120138927,0.0,0.0,0.0,0.0,0.0,0.0,0.0,0.0
2,100,packing,50,0.8909185572893799,0.16490759767637841,0.6454926315905053,1.1370832017053318,0.8909185572893799,0.16490759767637841,0.6454926315905053,1.1370832017053318,0.0006403567690884193,0.004528006138011295,0.0,0.0,89.92,2.9474305655562962,85.0,94.55
2,300,christoffel,50,0.5752351859846716,0.10806677267146282,0.3954987545004255,0.7630295768447292,0.5752351859846716,0.10806677267146282,0.3954987545004255,0.7630295768447292,0.0,0.0,0.0,0.0,0.0,0.0,0.0,0.0
2,300,convex_hull,50,0.620962279325159,0.11894287442722247,0.447078543107232,0.828997547165784,0.620962279325159,0.11894287442722247,0.447078543107232,0.828997547165784,0.0,0.0,0.0,0.0,0.0,0.0,0.0,0.0
2,300,packing,50,0.6215594703324168,0.095299588576045,0.48520608836924695,0.7799975186480191,0.6215594703324168,0.095299588576045,0.48520608836924695,0.7799975186480191,0.00016350766768533532,0.001156173805962971,0.0,0.0,228.32,6.280647308378723,219.0,237.64999999999998
2,1000,christoffel,50,0.40168226480808444,0.07625744153838888,0.2638496179475574,0.5206015417679588,0.40168226480808444,0.07625744153838888,0.2638496179475574,0.5206015417679588,0.0,0.0,0.0,0.0,0.0,0.0,0.0,0.0
2,1000,convex_hull,50,0.49624005420769746,0.07971299155785405,0.3627235659709819,0.62546213013917,0.49624005420769746,0.07971299155785405,0.3627235659709819,0.62546213013917,0.0,0.0,0.0,0.0,0.0,0.0,0.0,0.0
2,1000,packing,50,0.4945885261057039,0.07149254256257054,0.3831419419399264,0.6149139299788723,0.4945885261057039,0.07149254256257054,0.3831419419399264,0.6149139299788723,0.0034450519970375937,0.008084839773386194,0.0,0.019253033838029406,517.18,10.263249276631925,499.0,533.65
2,3000,christoffel,50,0.24771972512919793,0.04825834944965764,0.16828140467142758,0.3071606639071167,0.24771972512919793,0.04825834944965764,0.16828140467142758,0.3071606639071167,0.0006033628022418144,0.0024284429605780154,0.0,0.0035864171711527354,0.0,0.0,0.0,0.0
2,3000,convex_hull,50,0.34596585934920826,0.05565213696436446,0.2711250970091412,0.4395527299681631,0.34596585934920826,0.05565213696436446,0.2711250970091412,0.4395527299681631,0.0,0.0,0.0,0.0,0.0,0.0,0.0,0.0
2,3000,packing,50,0.3516196306505608,0.04881005778034201,0.28803821242060784,0.4521543226865597,0.3516196306505608,0.04881005778034201,0.28803821242060784,0.4521543226865597,0.005591915327698629,0.00909689618010767,0.0,0.02268486892767502,873.56,14.04970767362388,853.0,893.55
2,10000,christoffel,50,0.16422870005313991,0.03461986999928909,0.10728651107679604,0.20382704127770954,0.16422870005313991,0.03461986999928909,0.10728651107679604,0.20382704127770954,0.0031717638195568327,0.007066082966656877,0.0,0.018631520363605502,0.0,0.0,0.0,0.0
2,10000,convex_hull,50,0.25593106342240857,0.04768044014372879,0.18402666696925493,0.33135643081941246,0.25593106342240857,0.04768044014372879,0.18402666696925493,0.33135643081941246,0.0,0.0,0.0,0.0,0.0,0.0,0.0,0.0
2,10000,packing,50,0.2565801437299311,0.03665864124378516,0.2077298371622319,0.31839471296278454,0.2565801437299311,0.03665864124378516,0.2077298371622319,0.31839471296278454,0.018238751729514238,0.010848068909870274,0.002888776298034801,0.03534661753344275,1268.0,11.006491591004698,1252.45,1289.1
2,30000,christoffel,50,0.1123477577795657,0.02509372378260726,0.08437743742276015,0.14834135128619733,0.1123477577795657,0.02509372378260726,0.08437743742276015,0.14834135128619733,0.010740991771419146,0.01055251103738895,0.0,0.029839665279722524,0.0,0.0,0.0,0.0
2,30000,convex_hull,50,0.1890658307015042,0.028950625694462568,0.14873890873496426,0.23251220441888015,0.1890658307015042,0.028950625694462568,0.14873890873496426,0.23251220441888015,0.0,0.0,0.0,0.0,0.0,0.0,0.0,0.0
2,30000,packing,50,0.18597667667309545,0.024024799304939205,0.1503028782112833,0.21937388211924946,0.18597667667309545,0.024024799304939205,0.1503028782112833,0.21937388211924946,0.026956324361597804,0.009712863738546344,0.01289248221895416,0.04222954745809788,1578.4,14.153675516000956,1555.8,1600.0
2,100000,christoffel,50,0.09521204357606779,0.016475180977883617,0.07001659895857505,0.11817345523414605,0.09521204357606779,0.016475180977883617,0.07001659895857505,0.11817345523414605,0.015988168490213926,0.010924045383193241,0.0003512328476070002,0.03492000250117406,0.0,0.0,0.0,0.0
2,100000,convex_hull,50,0.1385115030002979,0.022909521952920377,0.10639748142676742,0.17966998761873842,0.1385115030002979,0.022909521952920377,0.10639748142676742,0.17966998761873842,0.0,0.0,0.0,0.0,0.0,0.0,0.0,0.0
2,100000,packing,50,0.13781822654980702,0.017349821322484436,0.1109200345225777,0.16472870866938877,0.13781822654980702,0.017349821322484436,0.1109200345225777,0.16472870866938877,0.032016014299311356,0.005685693432873345,0.02411811474707239,0.04179535018554774,1836.68,9.815522899770464,1822.8,1852.0
2,300000,christoffel,50,0.07748974745205744,0.016511178597644723,0.048043540602658356,0.09552432039018989,0.07748974745205744,0.016511178597644723,0.048043540602658356,0.09552432039018989,0.025101090530199356,0.008102059568162671,0.013868929215800638,0.04105483292932888,0.0,0.0,0.0,0.0
2,300000,convex_hull,50,0.09891783864728768,0.012751295474227002,0.07943656178883983,0.11979263114494283,0.09891783864728768,0.012751295474227002,0.07943656178883983,0.11979263114494283,0.0,0.0,0.0,0.0,0.0,0.0,0.0,0.0
2,300000,packing,50,0.09541204503221269,0.013044569694266105,0.07597545046796805,0.11647710866978772,0.09541204503221269,0.013044569694266105,0.07597545046796805,0.11647710866978772,0.03894251966313439,0.004046702331571178,0.032755142684899964,0.04459479438275075,2016.58,11.435872667770894,1997.9,2035.75
2,1000000,christoffel,50,0.060541193684414026,0.01172645317316606,0.0452869941136154,0.08002718789732313,0.06041839870295102,0.011893106063934155,0.04410953374851881,0.08002718789732313,0.03128501937057789,0.005916842847683892,0.020552358004356158,0.03865756700771546,0.0,0.0,0.0,0.0
2,1000000,convex_hull,50,0.07636313251625963,0.008200464947915766,0.06323492292684293,0.09018204412104969,0.07636313251625963,0.008200464947915766,0.06323492292684293,0.09018204412104969,0.0,0.0,0.0,0.0,0.0,0.0,0.0,0.0
2,1000000,packing,50,0.07000174260978981,0.010696417857032835,0.05255059929121407,0.08344002205204916,0.07000174260978981,0.010696417857032835,0.05255059929121407,0.08344002205204916,0.04131858190960694,0.003115795998146136,0.03682332794877023,0.04639121011965012,2151.02,11.690725436194702,2133.45,2172.65
4,10,christoffel,50,2.015155896498371,0.27586155730093204,1.6299621069716095,2.4256233005141237,2.015155896498371,0.27586155730093204,1.6299621069716095,2.4256233005141237,0.0,0.0,0.0,0.0,0.0,0.0,0.0,0.0
4,10,convex_hull,50,2.019691690583536,0.27732865546397245,1.6299621069716095,2.4373517940570015,2.019691690583536,0.27732865546397245,1.6299621069716095,2.4373517940570015,0.0,0.0,0.0,0.0,0.0,0.0,0.0,0.0
4,10,packing,50,1.9707633715308948,0.27828725747416583,1.5799621069716094,2.3875074914783667,1.9707633715308948,0.27828725747416583,1.5799621069716094,2.3875074914783667,0.0,0.0,0.0,0.0,9.84,0.3703280399090206,9.0,10.0
4,30,christoffel,50,1.6198918087360954,0.19610573510070115,1.2781873262689938,1.8970253250952909,1.6198918087360954,0.19610573510070115,1.2781873262689938,1.8970253250952909,0.0,0.0,0.0,0.0,0.0,0.0,0.0,0.0
4,30,convex_hull,50,1.636702966518064,0.2069939836874199,1.2781873262689938,1.9482929907784612,1.636702966518064,0.2069939836874199,1.2781873262689938,1.9482929907784612,0.0,0.0,0.0,0.0,0.0,0.0,0.0,0.0
4,30,packing,50,1.587658893199316,0.2067566984652218,1.2281873262689937,1.8982929907784611,1.587658893199316,0.2067566984652218,1.2281873262689937,1.8982929907784611,0.0,0.0,0.0,0.0,28.0,1.4427864197660112,26.0,30.0
4,100,christoffel,50,1.2492728390448138,0.17637967935932009,0.9399671011872687,1.5204145271639977,1.2492728390448138,0.17637967935932009,0.9399671011872687,1.5204145271639977,0.0,0.0,0.0,0.0,0.0,0.0,0.0,0.0
4,100,convex_hull,50,1.2802279521321527,0.19620258409755717,0.952556173355289,1.5815207433943128,1.2802279521321527,0.19620258409755717,0.952556173355289,1.5815207433943128,0.0,0.0,0.0,0.0,0.0,0.0,0.0,0.0
4,100,packing,50,1.2370208891682473,0.18589506787724996,0.9125698727614266,1.5315207433943128,1.2370208891682473,0.18589506787724996,0.9125698727614266,1.5315207433943128,0.0,0.0,0.0,0.0,82.82,3.3544974379516956,78.45,89.0
4,300,christoffel,50,0.9746030760896071,0.1351910459469382,0.7288156264051695,1.1841232138521796,0.9746030760896071,0.1351910459469382,0.7288156264051695,1.1841232138521796,0.0,0.0,0.0,0.0,0.0,0.0,0.0,0.0
4,300,convex_hull,50,1.0301023853747386,0.15059829004272854,0.7314425470892105,1.2648635900842466,1.0301023853747386,0.15059829004272854,0.7314425470892105,1.2648635900842466,0.0,0.0,0.0,0.0,0.0,0.0,0.0,0.0
4,300,packing,50,0.9889923580749364,0.1470466730501238,0.7020857282293105,1.219474702800381,0.9889923580749364,0.1470466730501238,0.7020857282293105,1.219474702800381,0.0,0.0,0.0,0.0,189.8,6.998542122237652,180.35,203.64999999999998
4,1000,christoffel,50,0.7404183418903466,0.09674951100361781,0.5884263535232597,0.8659174216480953,0.7404183418903466,0.09674951100361781,0.5884263535232597,0.8659174216480953,0.0,0.0,0.0,0.0,0.0,0.0,0.0,0.0
4,1000,convex_hull,50,0.8319753950825941,0.11839337290965504,0.6378084249457212,0.9954836379758535,0.8319753950825941,0.11839337290965504,0.6378084249457212,0.9954836379758535,0.0,0.0,0.0,0.0,0.0,0.0,0.0,0.0
4,1000,packing,50,0.8015119930108267,0.11116881623184911,0.6290350744318659,0.9595777494635245,0.8015119930108267,0.11116881623184911,0.6290350744318659,0.9595777494635245,0.0,0.0,0.0,0.0,385.5,7.804368216922247,372.35,397.0
4,3000,christoffel,50,0.5820739937592132,0.07496858629647321,0.481631442577742,0.7071860389277259,0.5820739937592132,0.07496858629647321,0.481631442577742,0.7071860389277259,0.0,0.0,0.0,0.0,0.0,0.0,0.0,0.0
4,3000,convex_hull,50,0.7088408082579255,0.09240527927136744,0.5937606108325238,0.8598370680350819,0.7088408082579255,0.09240527927136744,0.5937606108325238,0.8598370680350819,0.0,0.0,0.0,0.0,0.0,0.0,0.0,0.0
4,3000,packing,50,0.6738015695156983,0.0822618096057266,0.5535006527929958,0.8180189241542157,0.6738015695156983,0.0822618096057266,0.5535006527929958,0.8180189241542157,0.0,0.0,0.0,0.0,617.32,12.471093106272045,601.35,634.55
4,10000,christoffel,50,0.43382597103382553,0.06162200122540463,0.330998202454281,0.5190777821569491,0.43382597103382553,0.06162200122540463,0.330998202454281,0.5190777821569491,0.0,0.0,0.0,0.0,0.0,0.0,0.0,0.0
4,10000,convex_hull,50,0.5525005793849128,0.061236968436382086,0.463507161794991,0.653018849684504,0.5525005793849128,0.061236968436382086,0.463507161794991,0.653018849684504,0.0,0.0,0.0,0.0,0.0,0.0,0.0,0.0
4,10000,packing,50,0.5311080270778106,0.05682718699189754,0.453838609569151,0.6183612624036574,0.5311080270778106,0.05682718699189754,0.453838609569151,0.6183612624036574,0.0,0.0,0.0,0.0,888.36,14.56548898553547,862.7,909.55
4,30000,christoffel,50,0.3363844127818195,0.06101159949600398,0.25419784683262214,0.41311111954171725,0.3363844127818195,0.06101159949600398,0.25419784683262214,0.41311111954171725,0.0002858712479200076,0.001961056527046136,0.0,0.0,0.0,0.0,0.0,0.0
4,30000,convex_hull,50,0.4724330753263144,0.05874506968540941,0.3523470434044067,0.5369346011850755,0.4724330753263144,0.05874506968540941,0.3523470434044067,0.5369346011850755,0.0,0.0,0.0,0.0,0.0,0.0,0.0,0.0
4,30000,packing,50,0.4552584907397758,0.05227941946000562,0.3571952985562623,0.532109593955508,0.4552584907397758,0.05227941946000562,0.3571952985562623,0.532109593955508,0.0005378934439850403,0.003210402548957146,0.0,0.0,1129.84,14.0659670329284,1108.45,1149.0
4,100000,christoffel,50,0.2698042311526844,0.04347598841293502,0.20125201369806528,0.35175015608398064,0.2698042311526844,0.04347598841293502,0.20125201369806528,0.35175015608398064,0.00031360219786187354,0.0021570603870241963,0.0,0.0,0.0,0.0,0.0,0.0
4,100000,convex_hull,50,0.3791004840330161,0.04744835324956463,0.30497679979634074,0.4577698992882419,0.3791004840330161,0.04744835324956463,0.30497679979634074,0.4577698992882419,0.0,0.0,0.0,0.0,0.0,0.0,0.0,0.0
4,100000,packing,50,0.3611114253745523,0.04226059624597366,0.3026196524012709,0.43649447907309497,0.3611114253745523,0.04226059624597366,0.3026196524012709,0.43649447907309497,0.00045094654953510506,0.0031584220339908736,0.0,0.0,1372.32,13.337747568614487,1352.35,1398.55
4,300000,christoffel,50,0.21687184485781927,0.038795371047349606,0.14834135128619733,0.2541978468326227,0.21687184485781927,0.038795371047349606,0.14834135128619733,0.2541978468326227,0.005991282440896291,0.010034231176678053,0.0,0.030465421382223152,0.0,0.0,0.0,0.0
4,300000,convex_hull,50,0.3078119570656639,0.03089814707468733,0.2635907341179849,0.356161980316581,0.3078119570656639,0.03089814707468733,0.2635907341179849,0.356161980316581,0.0,0.0,0.0,0.0,0.0,0.0,0.0,0.0
4,300000,packing,50,0.29101651802050194,0.029999471185096667,0.24465330813207017,0.33904295062362244,0.29101651802050194,0.029999471185096667,0.24465330813207017,0.33904295062362244,0.0016686754750849754,0.003732235678436316,0.0,0.008749560772928022,1564.26,12.807539233767343,1544.45,1588.55
4,1000000,christoffel,50,0.17995120830799358,0.030626741299273348,0.1483413512861971,0.20125201369806528,0.17995120830799358,0.030626741299273348,0.1483413512861971,0.20125201369806528,0.015064359832468018,0.01468308593040724,0.0,0.04010404538433953,0.0,0.0,0.0,0.0
4,1000000,convex_hull,50,0.25101605338787963,0.023298965746281833,0.21314714818838496,0.2918194194449602,0.25101605338787963,0.023298965746281833,0.21314714818838496,0.2918194194449602,0.0,0.0,0.0,0.0,0.0,0.0,0.0,0.0
4,1000000,packing,50,0.23803458393854895,0.022143437406415844,0.20292314152654975,0.27442957693313724,0.23803458393854895,0.022143437406415844,0.20292314152654975,0.27442957693313724,0.004327413352598725,0.0062431152974397434,0.0,0.018791369582604276,1745.0,10.629185850136157,1728.35,1761.55
