packing_radius,beta,N,estimator,n_seeds,hausdorff_mean,hausdorff_std,hausdorff_q05,hausdorff_q95,inner_directed_mean,inner_directed_std,inner_directed_q05,inner_directed_q95,outer_directed_mean,outer_directed_std,outer_directed_q05,outer_directed_q95,packing_centers_mean,packing_centers_std,packing_centers_q05,packing_centers_q95
0.15,0,10,packing,50,1.206643329570554,0.21319103105402176,1.0079794019103756,1.5931197243133055,1.206643329570554,0.21319103105402176,1.0079794019103756,1.5931197243133055,0.09532254374705557,0.04442693399115771,0.0,0.14712816173382254,9.78,0.41845195759648035,9.0,10.0
0.15,0,30,packing,50,0.7416059686993312,0.15553009877242388,0.5811641833146333,1.0342885405811664,0.7416059686993312,0.15553009877242388,0.5811641833146333,1.0342885405811664,0.12981747325465862,0.016414263335888763,0.09974429367029812,0.14778914019343312,26.88,1.4518109732471427,25.0,29.0
0.15,0,100,packing,50,0.3749673541722119,0.06221189374176895,0.2982222266221795,0.48967573635816514,0.3749673541722119,0.06221189374176895,0.2982222266221795,0.48967573635816514,0.14179997512421902,0.007144033101309349,0.1275262146215524,0.14933293929163685,71.7,3.775592938972146,65.45,77.0
0.15,0,300,packing,50,0.1937879292841453,0.040437146140693735,0.14984865778995826,0.27246151249379147,0.19308597339650377,0.04132123099324349,0.14276375215988935,0.27246151249379147,0.14694372147876014,0.0028436892886936375,0.14145398077568402,0.1498944310713298,135.2,4.703450752329808,128.0,142.0
0.15,0,1000,packing,50,0.14802026125969406,0.0016068504737964573,0.14534561359991746,0.14990296293544267,0.09328193685146248,0.01873813690467792,0.0654518213362084,0.12151830573291242,0.14802026125969406,0.0016068504737964573,0.14534561359991746,0.14990296293544267,198.28,4.953003623858878,190.45,206.1
0.15,0,3000,packing,50,0.1484662566622378,0.0015641061650180726,0.14548408240124122,0.14991308082931654,0.043353737177349805,0.009090111567052327,0.03205683389013999,0.057472795930919494,0.1484662566622378,0.0015641061650180726,0.14548408240124122,0.14991308082931654,231.98,4.465239898027739,224.45,238.0
0.15,0,10000,packing,50,0.14882552896728732,0.0012504481740387124,0.1468991891036817,0.14992981201979952,0.021585043897397696,0.006956465892207141,0.012782092667316688,0.032053147272549175,0.14882552896728732,0.0012504481740387124,0.1468991891036817,0.14992981201979952,254.36,3.9783085319655895,248.0,261.55
0.15,0,30000,packing,50,0.14937226516857272,0.000541938720062971,0.14816881148926161,0.1499902440209746,0.010917759476076969,0.004726089843065433,0.004502445868868219,0.019303012914836253,0.14937226516857272,0.000541938720062971,0.14816881148926161,0.1499902440209746,266.68,4.33984858195372,260.0,274.1
0.15,0,100000,packing,50,0.1494985725899514,0.0005548782586192283,0.1484726135034802,0.14997297668077608,0.003981524347232512,0.002304000998124279,0.0003738651713635189,0.00808614625030975,0.1494985725899514,0.0005548782586192283,0.1484726135034802,0.14997297668077608,274.36,4.420545723074914,268.0,281.1
0.15,2,10,packing,50,1.6155618784009482,0.33729936342319,1.059120246735523,2.1698029422005485,1.6155618784009482,0.33729936342319,1.059120246735523,2.1698029422005485,0.0013717676758675768,0.007856782064956573,0.0,0.0,9.14,0.8573809193213519,8.0,10.0
0.15,2,30,packing,50,1.1459275696545188,0.2056738251795762,0.8850420140985101,1.4522139512407337,1.1459275696545188,0.2056738251795762,0.8850420140985101,1.4522139512407337,0.0048956071874874454,0.015489956321714208,0.0,0.03275994235725858,23.7,2.3754698783308417,20.0,27.0
0.15,2,100,packing,50,0.7937183289653427,0.16497391806837697,0.5454926315905053,1.037083201705332,0.7937183289653427,0.16497391806837697,0.5454926315905053,1.037083201705332,0.011011497420391602,0.02319292270316601,0.0,0.051101845004057525,54.36,3.342735040505066,49.45,59.0
0.15,2,300,packing,50,0.5346726093421917,0.0991882064875638,0.4021097067780952,0.6891354908497521,0.5346726093421917,0.0991882064875638,0.4021097067780952,0.6891354908497521,0.03826162989195318,0.03290815716446187,0.0,0.08868379394500749,93.9,4.77343841331532,85.0,100.0
0.15,2,1000,packing,50,0.41811287964015825,0.07362899933617996,0.3102211138774749,0.5447403776156252,0.41811287964015825,0.07362899933617996,0.3102211138774749,0.5447403776156252,0.0779917148228487,0.027615057803935427,0.03490570200230734,0.11925303383802943,137.54,3.9497352016641956,132.45,145.55
0.15,2,3000,packing,50,0.27903707608008327,0.054168170572688655,0.2094365570651721,0.3653914513910286,0.27903707608008327,0.054168170572688655,0.2094365570651721,0.3653914513910286,0.09575704390433362,0.019031059304609625,0.06232496920121405,0.12268486892767488,172.94,4.062822985590795,167.0,180.0
0.15,2,10000,packing,50,0.20122342028911075,0.03420928958610637,0.15074139036803835,0.2709323023350762,0.20122342028911075,0.03420928958610637,0.15074139036803835,0.2709323023350762,0.11261660966736566,0.014516985193922296,0.08988859524600142,0.13344418796198299,203.48,4.625748698363127,197.0,210.0
0.15,2,30000,packing,50,0.1414895221451745,0.01809534325359258,0.1228148374819614,0.16790584416884058,0.1375378853699348,0.021667283362811283,0.1083703971466672,0.16790584416884058,0.12087879295415459,0.011956128908998196,0.10112590443130004,0.14054755279586767,225.2,3.7471077281725713,219.0,231.0
0.15,2,100000,packing,50,0.12777281594700565,0.007635705787994308,0.11461358299867272,0.1416040373801149,0.10006017054603722,0.01611097258806561,0.07580836613971859,0.12872790842909101,0.12716161155994737,0.007525675365135477,0.11418590452733361,0.1395493990468545,240.02,4.1820315344461525,234.45,247.55
0.15,4,10,packing,50,1.8743712497431146,0.2831624617714844,1.4799621069716096,2.2875074914783666,1.8743712497431146,0.2831624617714844,1.4799621069716096,2.2875074914783666,0.0,0.0,0.0,0.0,8.52,1.0924602453888665,6.0,10.0
0.15,4,30,packing,50,1.493797931636617,0.20458599419440296,1.1281873262689939,1.7982929907784613,1.493797931636617,0.20458599419440296,1.1281873262689939,1.7982929907784613,0.0,0.0,0.0,0.0,19.98,2.142761902645409,17.0,24.0
0.15,4,100,packing,50,1.1441195553138757,0.18282929560533662,0.833321461892425,1.431520743394313,1.1441195553138757,0.18282929560533662,0.833321461892425,1.431520743394313,0.0008326685965245307,0.005887856110835809,0.0,0.0,41.3,3.2903693732231494,36.45,46.0
0.15,4,300,packing,50,0.9038179733239984,0.15139458311776444,0.6404426717747962,1.1300710360461308,0.9038179733239984,0.15139458311776444,0.6404426717747962,1.1300710360461308,0.0017757494348010793,0.008596024816318907,0.0,0.007169656510541057,65.5,4.06201920231798,59.45,72.0
0.15,4,1000,packing,50,0.7097720160062895,0.11420402920912615,0.5404052456053693,0.8903189372030101,0.7097720160062895,0.11420402920912615,0.5404052456053693,0.8903189372030101,0.005048096999170701,0.01513235963127388,0.0,0.048313130197142055,97.48,4.200291535071326,91.0,104.0
0.15,4,3000,packing,50,0.5947798591844031,0.096701078167753,0.45925965919499007,0.7648539698786286,0.5947798591844031,0.096701078167753,0.45925965919499007,0.7648539698786286,0.009455061795041006,0.015456924691947057,0.0,0.042146147537381363,123.92,4.507771067833858,117.0,131.0
0.15,4,10000,packing,50,0.44590717794224227,0.05938176539091762,0.36059223019396364,0.5434220573898512,0.44590717794224227,0.05938176539091762,0.36059223019396364,0.5434220573898512,0.019763175946358916,0.023128252267153725,0.0,0.0552319969821853,150.52,4.296367711242147,145.0,158.0
0.15,4,30000,packing,50,0.3834525065145354,0.05903754806276365,0.2871955623576311,0.4854445277255057,0.3834525065145354,0.05903754806276365,0.2871955623576311,0.4854445277255057,0.04018113003372889,0.028174571592167543,0.005115782054919737,0.09804247403506841,173.16,5.084430014409538,165.45,181.55
0.15,4,100000,packing,50,0.29564541186469706,0.04561762829474921,0.22879632810242334,0.36772251714843573,0.29564541186469706,0.04561762829474921,0.22879632810242334,0.36772251714843573,0.0639757808000304,0.020239671206604734,0.03136174016022601,0.09657200992911832,194.02,4.744448958347782,186.0,201.55
