n,state_dim,N,T,seed,error
2,4,1000,0.01,797541,0.0518891081836
2,4,1000,0.01,797641,0.0439228801914
2,4,1000,0.01,797741,0.0462554386837
2,4,1000,0.01,797841,0.0483832437264
2,4,1000,0.01,797941,0.0452952838068
2,4,1000,0.209,797740,0.0472569480533
2,4,1000,0.209,797840,0.0446419586822
2,4,1000,0.209,797940,0.0469745581712
2,4,1000,0.209,798040,0.0504584294801
2,4,1000,0.209,798140,0.0462689419393
2,4,1000,0.408,797939,0.0449831779792
2,4,1000,0.408,798039,0.0517487677363
2,4,1000,0.408,798139,0.0449678199662
2,4,1000,0.408,798239,0.0449709189695
2,4,1000,0.408,798339,0.0568294767608
2,4,1000,0.607,798138,0.0417191686364
2,4,1000,0.607,798238,0.0495497237658
2,4,1000,0.607,798338,0.0497999715808
2,4,1000,0.607,798438,0.0473084949259
2,4,1000,0.607,798538,0.0479345584865
2,4,1000,0.806,798337,0.0482846824962
2,4,1000,0.806,798437,0.0460118058251
2,4,1000,0.806,798537,0.0457885748929
2,4,1000,0.806,798637,0.0467445289361
2,4,1000,0.806,798737,0.0597888332958
2,4,1000,1.005,798536,0.0459690935152
2,4,1000,1.005,798636,0.0463479283129
2,4,1000,1.005,798736,0.0578131051881
2,4,1000,1.005,798836,0.0491904117429
2,4,1000,1.005,798936,0.0572603936194
2,4,1000,1.204,798735,0.0498999266981
2,4,1000,1.204,798835,0.0419782605392
2,4,1000,1.204,798935,0.05891574367
2,4,1000,1.204,799035,0.0478285767963
2,4,1000,1.204,799135,0.0648339254422
2,4,1000,1.403,798934,0.0568350158596
2,4,1000,1.403,799034,0.0530582336364
2,4,1000,1.403,799134,0.044181283081
2,4,1000,1.403,799234,0.0445648398934
2,4,1000,1.403,799334,0.0510278601621
2,4,1000,1.602,799133,0.0470415462381
2,4,1000,1.602,799233,0.04636408693
2,4,1000,1.602,799333,0.0547853742687
2,4,1000,1.602,799433,0.0604714386552
2,4,1000,1.602,799533,0.0647989429759
2,4,1000,1.801,799332,0.052233191485
2,4,1000,1.801,799432,0.0569855905724
2,4,1000,1.801,799532,0.0458439704103
2,4,1000,1.801,799632,0.0446758015748
2,4,1000,1.801,799732,0.0485480334743
2,4,1000,2,799531,0.0512169737209
2,4,1000,2,799631,0.0519030436098
2,4,1000,2,799731,0.0461685792713
2,4,1000,2,799831,0.0464065979957
2,4,1000,2,799931,0.0621305479092
3,6,1000,0.01,807541,0.0842226812162
3,6,1000,0.01,807641,0.0785519593273
3,6,1000,0.01,807741,0.083778496236
3,6,1000,0.01,807841,0.0836660806246
3,6,1000,0.01,807941,0.0841686458817
3,6,1000,0.209,807740,0.087464060071
3,6,1000,0.209,807840,0.0909031493811
3,6,1000,0.209,807940,0.0824259752773
3,6,1000,0.209,808040,0.0842366193138
3,6,1000,0.209,808140,0.0836363282923
3,6,1000,0.408,807939,0.0823941449897
3,6,1000,0.408,808039,0.0815097200618
3,6,1000,0.408,808139,0.0893315329572
3,6,1000,0.408,808239,0.0849224856903
3,6,1000,0.408,808339,0.0958732631993
3,6,1000,0.607,808138,0.0877292729464
3,6,1000,0.607,808238,0.0871081450453
3,6,1000,0.607,808338,0.0858796595213
3,6,1000,0.607,808438,0.099717966354
3,6,1000,0.607,808538,0.0870547093631
3,6,1000,0.806,808337,0.0970595693592
3,6,1000,0.806,808437,0.0875470248657
3,6,1000,0.806,808537,0.0915164089427
3,6,1000,0.806,808637,0.0882224335178
3,6,1000,0.806,808737,0.09088185601
3,6,1000,1.005,808536,0.0913102005569
3,6,1000,1.005,808636,0.0961705332799
3,6,1000,1.005,808736,0.0878002684209
3,6,1000,1.005,808836,0.0855267610937
3,6,1000,1.005,808936,0.0990834244148
3,6,1000,1.204,808735,0.0930408464411
3,6,1000,1.204,808835,0.095870262706
3,6,1000,1.204,808935,0.0974385252756
3,6,1000,1.204,809035,0.0936544559041
3,6,1000,1.204,809135,0.0883237060826
3,6,1000,1.403,808934,0.104726737173
3,6,1000,1.403,809034,0.0984316543487
3,6,1000,1.403,809134,0.0939080657038
3,6,1000,1.403,809234,0.131718503142
3,6,1000,1.403,809334,0.0982862712419
3,6,1000,1.602,809133,0.0981884158514
3,6,1000,1.602,809233,0.103393262734
3,6,1000,1.602,809333,0.0988249303876
3,6,1000,1.602,809433,0.108068628669
3,6,1000,1.602,809533,0.102970945488
3,6,1000,1.801,809332,0.101147125338
3,6,1000,1.801,809432,0.102441632154
3,6,1000,1.801,809532,0.104339866819
3,6,1000,1.801,809632,0.0929160271712
3,6,1000,1.801,809732,0.099749073777
3,6,1000,2,809531,0.114451093595
3,6,1000,2,809631,0.0949090921336
3,6,1000,2,809731,0.0980890290266
3,6,1000,2,809831,0.0988542540639
3,6,1000,2,809931,0.0977003926198
4,8,1000,0.01,817541,0.116259392214
4,8,1000,0.01,817641,0.125452599299
4,8,1000,0.01,817741,0.118298227331
4,8,1000,0.01,817841,0.123817208684
4,8,1000,0.01,817941,0.131636346086
4,8,1000,0.209,817740,0.123702564566
4,8,1000,0.209,817840,0.115515292174
4,8,1000,0.209,817940,0.126006254947
4,8,1000,0.209,818040,0.11884719599
4,8,1000,0.209,818140,0.144584306296
4,8,1000,0.408,817939,0.125531895146
4,8,1000,0.408,818039,0.126021187414
4,8,1000,0.408,818139,0.124510130575
4,8,1000,0.408,818239,0.113053459691
4,8,1000,0.408,818339,0.124897464911
4,8,1000,0.607,818138,0.126104934642
4,8,1000,0.607,818238,0.120125110628
4,8,1000,0.607,818338,0.134247579266
4,8,1000,0.607,818438,0.121064537641
4,8,1000,0.607,818538,0.117396476248
4,8,1000,0.806,818337,0.123592163563
4,8,1000,0.806,818437,0.124637381886
4,8,1000,0.806,818537,0.116716920988
4,8,1000,0.806,818637,0.131227236871
4,8,1000,0.806,818737,0.1246079233
4,8,1000,1.005,818536,0.119015183803
4,8,1000,1.005,818636,0.128922459284
4,8,1000,1.005,818736,0.13446341004
4,8,1000,1.005,818836,0.125551311517
4,8,1000,1.005,818936,0.131410522286
4,8,1000,1.204,818735,0.130660936755
4,8,1000,1.204,818835,0.138975080094
4,8,1000,1.204,818935,0.150662448994
4,8,1000,1.204,819035,0.129359774241
4,8,1000,1.204,819135,0.130226343526
4,8,1000,1.403,818934,0.136644508137
4,8,1000,1.403,819034,0.130969071353
4,8,1000,1.403,819134,0.138657484408
4,8,1000,1.403,819234,0.138948433934
4,8,1000,1.403,819334,0.126416603448
4,8,1000,1.602,819133,0.152997579633
4,8,1000,1.602,819233,0.145155147036
4,8,1000,1.602,819333,0.140190861456
4,8,1000,1.602,819433,0.129738160252
4,8,1000,1.602,819533,0.144549479801
4,8,1000,1.801,819332,0.13913385158
4,8,1000,1.801,819432,0.159303068619
4,8,1000,1.801,819532,0.137189781515
4,8,1000,1.801,819632,0.138664403225
4,8,1000,1.801,819732,0.147021839021
4,8,1000,2,819531,0.142874088173
4,8,1000,2,819631,0.157284832223
4,8,1000,2,819731,0.13769287307
4,8,1000,2,819831,0.146235354886
4,8,1000,2,819931,0.157976829142
